Date,BUDAPEST,BARANYA,BACS,BEKES,BORSOD,CSONGRAD,FEJER,GYOR,HAJDU,HEVES,JASZ,KOMAROM,NOGRAD,PEST,SOMOGY,SZABOLCS,TOLNA,VAS,VESZPREM,ZALA,456,100,500,198,132,409,163,89,82,357,111,292,386,376,504,189,502,21,396,156,315,224,437,45,126,79,178,475,44
03/01/2005,168.0,79.0,30.0,173.0,169.0,42.0,136.0,120.0,162.0,36.0,130.0,57.0,2.0,178.0,66.0,64.0,11.0,29.0,87.0,68.0,,,,,,,,,,,,,,,,,,,,,,,,,,,,,
10/01/2005,157.0,60.0,30.0,92.0,200.0,53.0,51.0,70.0,84.0,28.0,80.0,50.0,29.0,141.0,48.0,29.0,58.0,53.0,68.0,26.0,,,,,,,,,,,,,,,,,,,,,,,,,,,,,
17/01/2005,96.0,44.0,31.0,86.0,93.0,30.0,93.0,84.0,191.0,51.0,64.0,46.0,4.0,157.0,33.0,33.0,24.0,18.0,62.0,44.0,,,,,,,,,,,,,,,,,,,,,,,,,,,,,
24/01/2005,163.0,49.0,43.0,126.0,46.0,39.0,52.0,114.0,107.0,42.0,63.0,54.0,14.0,107.0,66.0,50.0,25.0,21.0,43.0,31.0,,,,,,,,,,,,,,,,,,,,,,,,,,,,,
31/01/2005,122.0,78.0,53.0,87.0,103.0,34.0,95.0,131.0,172.0,40.0,61.0,49.0,11.0,124.0,63.0,56.0,7.0,47.0,85.0,60.0,,,,,,,,,,,,,,,,,,,,,,,,,,,,,
07/02/2005,174.0,76.0,77.0,152.0,189.0,26.0,74.0,181.0,157.0,44.0,95.0,97.0,26.0,146.0,59.0,54.0,27.0,54.0,48.0,60.0,,,,,,,,,,,,,,,,,,,,,,,,,,,,,
14/02/2005,153.0,103.0,54.0,192.0,148.0,65.0,100.0,118.0,129.0,40.0,88.0,56.0,10.0,119.0,104.0,85.0,20.0,32.0,153.0,70.0,,,,,,,,,,,,,,,,,,,,,,,,,,,,,
21/02/2005,115.0,74.0,64.0,174.0,140.0,56.0,111.0,175.0,138.0,60.0,112.0,70.0,21.0,178.0,70.0,75.0,5.0,66.0,149.0,54.0,,,,,,,,,,,,,,,,,,,,,,,,,,,,,
28/02/2005,119.0,86.0,57.0,171.0,90.0,65.0,118.0,105.0,194.0,60.0,67.0,46.0,12.0,112.0,116.0,76.0,22.0,45.0,102.0,42.0,,,,,,,,,,,,,,,,,,,,,,,,,,,,,
07/03/2005,114.0,81.0,129.0,217.0,167.0,64.0,93.0,154.0,119.0,34.0,118.0,73.0,6.0,130.0,68.0,59.0,31.0,85.0,96.0,54.0,,,,,,,,,,,,,,,,,,,,,,,,,,,,,
14/03/2005,127.0,59.0,81.0,243.0,99.0,81.0,72.0,107.0,117.0,57.0,72.0,91.0,9.0,113.0,62.0,22.0,26.0,19.0,118.0,43.0,,,,,,,,,,,,,,,,,,,,,,,,,,,,,
21/03/2005,135.0,74.0,51.0,271.0,215.0,48.0,115.0,148.0,171.0,21.0,114.0,82.0,10.0,141.0,55.0,45.0,23.0,83.0,127.0,36.0,,,,,,,,,,,,,,,,,,,,,,,,,,,,,
28/03/2005,116.0,63.0,98.0,119.0,51.0,48.0,51.0,92.0,76.0,41.0,82.0,72.0,25.0,162.0,49.0,203.0,40.0,47.0,63.0,36.0,,,,,,,,,,,,,,,,,,,,,,,,,,,,,
04/04/2005,132.0,83.0,59.0,130.0,152.0,54.0,78.0,128.0,207.0,42.0,138.0,66.0,6.0,121.0,41.0,92.0,8.0,52.0,108.0,38.0,,,,,,,,,,,,,,,,,,,,,,,,,,,,,
11/04/2005,129.0,53.0,84.0,111.0,103.0,41.0,58.0,91.0,123.0,35.0,91.0,51.0,26.0,144.0,50.0,41.0,25.0,64.0,59.0,30.0,,,,,,,,,,,,,,,,,,,,,,,,,,,,,
18/04/2005,113.0,74.0,62.0,101.0,84.0,66.0,83.0,111.0,134.0,70.0,124.0,63.0,7.0,125.0,55.0,49.0,13.0,46.0,87.0,22.0,,,,,,,,,,,,,,,,,,,,,,,,,,,,,
25/04/2005,114.0,50.0,120.0,126.0,111.0,48.0,77.0,119.0,157.0,50.0,141.0,59.0,26.0,138.0,57.0,41.0,6.0,98.0,64.0,23.0,,,,,,,,,,,,,,,,,,,,,,,,,,,,,
02/05/2005,98.0,66.0,81.0,86.0,48.0,40.0,59.0,131.0,111.0,51.0,97.0,64.0,27.0,83.0,42.0,29.0,2.0,42.0,39.0,32.0,,,,,,,,,,,,,,,,,,,,,,,,,,,,,
09/05/2005,140.0,81.0,103.0,116.0,129.0,51.0,89.0,146.0,65.0,104.0,224.0,124.0,22.0,159.0,66.0,57.0,15.0,111.0,76.0,47.0,,,,,,,,,,,,,,,,,,,,,,,,,,,,,
16/05/2005,120.0,46.0,86.0,94.0,135.0,25.0,93.0,123.0,99.0,96.0,97.0,83.0,52.0,153.0,42.0,36.0,28.0,56.0,44.0,21.0,,,,,,,,,,,,,,,,,,,,,,,,,,,,,
23/05/2005,173.0,99.0,125.0,139.0,84.0,37.0,84.0,122.0,252.0,104.0,174.0,105.0,44.0,137.0,54.0,93.0,28.0,40.0,141.0,43.0,,,,,,,,,,,,,,,,,,,,,,,,,,,,,
30/05/2005,,62.0,145.0,85.0,93.0,27.0,75.0,123.0,135.0,103.0,99.0,74.0,55.0,165.0,42.0,19.0,33.0,49.0,98.0,34.0,,,,,,,,,,,,,,,,,,,,,,,,,,,,,
06/06/2005,143.0,98.0,129.0,100.0,104.0,48.0,73.0,128.0,95.0,62.0,163.0,146.0,39.0,145.0,23.0,84.0,46.0,39.0,87.0,37.0,,,,,,,,,,,,,,,,,,,,,,,,,,,,,
13/06/2005,139.0,30.0,94.0,54.0,61.0,30.0,56.0,79.0,161.0,83.0,99.0,82.0,29.0,66.0,13.0,14.0,23.0,29.0,69.0,47.0,,,,,,,,,,,,,,,,,,,,,,,,,,,,,
20/06/2005,155.0,56.0,94.0,56.0,147.0,24.0,77.0,93.0,150.0,47.0,123.0,83.0,30.0,117.0,36.0,73.0,21.0,53.0,66.0,70.0,,,,,,,,,,,,,,,,,,,,,,,,,,,,,
27/06/2005,98.0,40.0,153.0,32.0,85.0,13.0,31.0,62.0,40.0,42.0,82.0,81.0,10.0,89.0,12.0,60.0,22.0,25.0,49.0,18.0,,,,,,,,,,,,,,,,,,,,,,,,,,,,,
04/07/2005,87.0,18.0,38.0,26.0,69.0,32.0,33.0,66.0,106.0,40.0,84.0,72.0,10.0,91.0,11.0,86.0,12.0,54.0,51.0,34.0,,,,,,,,,,,,,,,,,,,,,,,,,,,,,
11/07/2005,110.0,15.0,67.0,13.0,36.0,20.0,24.0,41.0,49.0,18.0,58.0,43.0,12.0,31.0,11.0,35.0,8.0,18.0,39.0,14.0,,,,,,,,,,,,,,,,,,,,,,,,,,,,,
18/07/2005,70.0,12.0,11.0,12.0,29.0,8.0,13.0,35.0,28.0,25.0,25.0,33.0,7.0,25.0,6.0,8.0,11.0,29.0,24.0,7.0,,,,,,,,,,,,,,,,,,,,,,,,,,,,,
25/07/2005,43.0,12.0,7.0,10.0,17.0,6.0,13.0,16.0,18.0,12.0,26.0,20.0,2.0,23.0,11.0,18.0,8.0,9.0,8.0,9.0,,,,,,,,,,,,,,,,,,,,,,,,,,,,,
01/08/2005,37.0,4.0,21.0,1.0,6.0,6.0,9.0,9.0,18.0,5.0,18.0,17.0,2.0,19.0,5.0,11.0,4.0,6.0,17.0,2.0,,,,,,,,,,,,,,,,,,,,,,,,,,,,,
08/08/2005,30.0,4.0,6.0,8.0,1.0,6.0,1.0,1.0,5.0,5.0,9.0,4.0,5.0,20.0,5.0,7.0,3.0,3.0,4.0,4.0,,,,,,,,,,,,,,,,,,,,,,,,,,,,,
15/08/2005,21.0,1.0,1.0,1.0,4.0,3.0,2.0,12.0,8.0,5.0,2.0,4.0,2.0,7.0,2.0,6.0,2.0,3.0,4.0,1.0,,,,,,,,,,,,,,,,,,,,,,,,,,,,,
22/08/2005,22.0,0.0,0.0,6.0,5.0,0.0,4.0,8.0,3.0,5.0,6.0,3.0,0.0,22.0,4.0,1.0,2.0,24.0,1.0,2.0,,,,,,,,,,,,,,,,,,,,,,,,,,,,,
29/08/2005,15.0,1.0,2.0,1.0,2.0,3.0,1.0,7.0,6.0,2.0,5.0,5.0,0.0,13.0,2.0,4.0,1.0,0.0,0.0,2.0,,,,,,,,,,,,,,,,,,,,,,,,,,,,,
05/09/2005,11.0,3.0,9.0,2.0,19.0,3.0,1.0,6.0,1.0,2.0,4.0,1.0,3.0,9.0,2.0,2.0,2.0,1.0,1.0,0.0,,,,,,,,,,,,,,,,,,,,,,,,,,,,,
12/09/2005,7.0,1.0,1.0,0.0,1.0,1.0,2.0,2.0,5.0,5.0,7.0,4.0,6.0,8.0,3.0,3.0,2.0,2.0,2.0,0.0,,,,,,,,,,,,,,,,,,,,,,,,,,,,,
19/09/2005,12.0,3.0,6.0,5.0,19.0,3.0,0.0,1.0,5.0,1.0,5.0,4.0,4.0,18.0,3.0,6.0,6.0,4.0,4.0,3.0,,,,,,,,,,,,,,,,,,,,,,,,,,,,,
26/09/2005,5.0,2.0,3.0,1.0,28.0,1.0,4.0,2.0,3.0,3.0,9.0,7.0,0.0,15.0,6.0,6.0,5.0,4.0,5.0,16.0,,,,,,,,,,,,,,,,,,,,,,,,,,,,,
03/10/2005,17.0,4.0,6.0,10.0,34.0,1.0,10.0,1.0,21.0,7.0,8.0,21.0,4.0,27.0,6.0,3.0,1.0,17.0,20.0,13.0,,,,,,,,,,,,,,,,,,,,,,,,,,,,,
10/10/2005,11.0,3.0,5.0,7.0,60.0,0.0,16.0,5.0,5.0,7.0,12.0,9.0,8.0,51.0,5.0,12.0,3.0,16.0,25.0,17.0,,,,,,,,,,,,,,,,,,,,,,,,,,,,,
17/10/2005,27.0,8.0,15.0,7.0,46.0,8.0,25.0,6.0,32.0,27.0,30.0,22.0,15.0,79.0,1.0,14.0,5.0,35.0,14.0,8.0,,,,,,,,,,,,,,,,,,,,,,,,,,,,,
24/10/2005,23.0,9.0,26.0,19.0,60.0,18.0,25.0,8.0,36.0,11.0,20.0,43.0,15.0,77.0,17.0,6.0,10.0,42.0,50.0,16.0,,,,,,,,,,,,,,,,,,,,,,,,,,,,,
31/10/2005,30.0,15.0,33.0,4.0,12.0,12.0,30.0,18.0,20.0,21.0,15.0,48.0,13.0,70.0,9.0,7.0,7.0,70.0,13.0,18.0,,,,,,,,,,,,,,,,,,,,,,,,,,,,,
07/11/2005,,12.0,35.0,11.0,100.0,19.0,13.0,20.0,25.0,23.0,23.0,51.0,26.0,67.0,17.0,33.0,25.0,41.0,35.0,40.0,,,,,,,,,,,,,,,,,,,,,,,,,,,,,
14/11/2005,,21.0,58.0,5.0,51.0,9.0,18.0,19.0,14.0,20.0,37.0,52.0,10.0,48.0,10.0,24.0,16.0,35.0,14.0,34.0,,,,,,,,,,,,,,,,,,,,,,,,,,,,,
21/11/2005,32.0,9.0,36.0,14.0,45.0,24.0,15.0,27.0,12.0,21.0,25.0,17.0,21.0,31.0,5.0,19.0,22.0,48.0,22.0,44.0,,,,,,,,,,,,,,,,,,,,,,,,,,,,,
28/11/2005,49.0,13.0,65.0,13.0,81.0,16.0,28.0,27.0,27.0,33.0,37.0,49.0,39.0,81.0,20.0,24.0,10.0,54.0,42.0,65.0,,,,,,,,,,,,,,,,,,,,,,,,,,,,,
05/12/2005,67.0,28.0,40.0,4.0,40.0,28.0,22.0,34.0,27.0,15.0,45.0,50.0,17.0,44.0,38.0,28.0,32.0,70.0,72.0,38.0,,,,,,,,,,,,,,,,,,,,,,,,,,,,,
12/12/2005,106.0,32.0,77.0,6.0,91.0,37.0,30.0,38.0,11.0,25.0,51.0,31.0,28.0,133.0,23.0,38.0,35.0,89.0,97.0,47.0,,,,,,,,,,,,,,,,,,,,,,,,,,,,,
19/12/2005,83.0,24.0,44.0,17.0,75.0,9.0,17.0,25.0,36.0,35.0,49.0,37.0,7.0,85.0,51.0,18.0,77.0,66.0,80.0,40.0,,,,,,,,,,,,,,,,,,,,,,,,,,,,,
26/12/2005,114.0,33.0,21.0,8.0,50.0,3.0,18.0,35.0,55.0,25.0,78.0,20.0,44.0,163.0,29.0,28.0,57.0,56.0,84.0,31.0,,,,,,,,,,,,,,,,,,,,,,,,,,,,,
02/01/2006,129.0,42.0,60.0,20.0,89.0,48.0,36.0,47.0,58.0,32.0,45.0,72.0,51.0,173.0,79.0,35.0,71.0,79.0,109.0,107.0,,,,,,,,,,,,,,,,,,,,,,,,,,,,,
09/01/2006,189.0,56.0,46.0,15.0,92.0,100.0,27.0,31.0,51.0,28.0,65.0,55.0,48.0,102.0,49.0,30.0,53.0,72.0,110.0,67.0,,,,,,,,,,,,,,,,,,,,,,,,,,,,,
16/01/2006,79.0,8.0,29.0,7.0,50.0,26.0,27.0,28.0,39.0,13.0,30.0,39.0,23.0,114.0,61.0,19.0,37.0,59.0,111.0,43.0,,,,,,,,,,,,,,,,,,,,,,,,,,,,,
23/01/2006,163.0,34.0,41.0,15.0,103.0,44.0,15.0,22.0,64.0,33.0,64.0,46.0,53.0,121.0,99.0,24.0,53.0,76.0,120.0,60.0,,,,,,,,,,,,,,,,,,,,,,,,,,,,,
30/01/2006,110.0,35.0,31.0,9.0,68.0,48.0,29.0,35.0,43.0,19.0,30.0,24.0,39.0,105.0,97.0,41.0,51.0,55.0,136.0,45.0,,,,,,,,,,,,,,,,,,,,,,,,,,,,,
06/02/2006,158.0,23.0,42.0,23.0,119.0,40.0,15.0,42.0,81.0,21.0,57.0,38.0,33.0,104.0,82.0,40.0,48.0,56.0,157.0,48.0,,,,,,,,,,,,,,,,,,,,,,,,,,,,,
13/02/2006,182.0,25.0,70.0,16.0,108.0,121.0,22.0,59.0,40.0,10.0,47.0,28.0,23.0,119.0,145.0,54.0,93.0,53.0,155.0,85.0,,,,,,,,,,,,,,,,,,,,,,,,,,,,,
20/02/2006,136.0,50.0,48.0,38.0,119.0,102.0,42.0,60.0,69.0,34.0,81.0,23.0,24.0,170.0,120.0,21.0,66.0,75.0,221.0,60.0,,,,,,,,,,,,,,,,,,,,,,,,,,,,,
27/02/2006,207.0,51.0,52.0,16.0,112.0,85.0,44.0,82.0,95.0,19.0,74.0,53.0,45.0,140.0,120.0,64.0,55.0,82.0,180.0,76.0,,,,,,,,,,,,,,,,,,,,,,,,,,,,,
06/03/2006,251.0,58.0,53.0,32.0,89.0,118.0,38.0,78.0,44.0,24.0,74.0,29.0,39.0,181.0,123.0,58.0,66.0,102.0,161.0,37.0,,,,,,,,,,,,,,,,,,,,,,,,,,,,,
13/03/2006,141.0,62.0,59.0,40.0,61.0,85.0,42.0,33.0,50.0,30.0,102.0,34.0,47.0,149.0,101.0,38.0,47.0,71.0,221.0,58.0,,,,,,,,,,,,,,,,,,,,,,,,,,,,,
20/03/2006,193.0,78.0,109.0,35.0,82.0,91.0,44.0,87.0,48.0,50.0,137.0,34.0,52.0,160.0,70.0,31.0,96.0,110.0,210.0,39.0,,,,,,,,,,,,,,,,,,,,,,,,,,,,,
27/03/2006,169.0,48.0,69.0,26.0,68.0,131.0,58.0,49.0,56.0,12.0,82.0,36.0,49.0,161.0,47.0,8.0,85.0,81.0,230.0,81.0,,,,,,,,,,,,,,,,,,,,,,,,,,,,,
03/04/2006,141.0,66.0,97.0,41.0,68.0,91.0,56.0,59.0,35.0,18.0,80.0,61.0,53.0,168.0,155.0,81.0,73.0,40.0,130.0,36.0,,,,,,,,,,,,,,,,,,,,,,,,,,,,,
10/04/2006,193.0,30.0,55.0,41.0,62.0,152.0,64.0,52.0,35.0,28.0,104.0,45.0,37.0,153.0,43.0,81.0,86.0,34.0,192.0,42.0,,,,,,,,,,,,,,,,,,,,,,,,,,,,,
17/04/2006,359.0,57.0,75.0,75.0,23.0,108.0,29.0,71.0,18.0,16.0,113.0,59.0,40.0,157.0,46.0,71.0,58.0,53.0,97.0,45.0,,,,,,,,,,,,,,,,,,,,,,,,,,,,,
24/04/2006,268.0,139.0,97.0,44.0,97.0,165.0,103.0,76.0,34.0,23.0,104.0,54.0,37.0,221.0,81.0,95.0,82.0,71.0,190.0,22.0,,,,,,,,,,,,,,,,,,,,,,,,,,,,,
01/05/2006,168.0,56.0,86.0,52.0,44.0,107.0,26.0,65.0,25.0,37.0,108.0,44.0,32.0,165.0,22.0,67.0,58.0,24.0,79.0,74.0,,,,,,,,,,,,,,,,,,,,,,,,,,,,,
08/05/2006,338.0,68.0,59.0,31.0,44.0,82.0,57.0,68.0,32.0,25.0,89.0,30.0,50.0,121.0,42.0,83.0,85.0,21.0,133.0,62.0,,,,,,,,,,,,,,,,,,,,,,,,,,,,,
15/05/2006,186.0,38.0,49.0,39.0,49.0,68.0,39.0,54.0,37.0,30.0,45.0,70.0,22.0,126.0,28.0,73.0,62.0,42.0,62.0,67.0,,,,,,,,,,,,,,,,,,,,,,,,,,,,,
22/05/2006,266.0,72.0,34.0,14.0,22.0,149.0,66.0,69.0,34.0,22.0,120.0,38.0,58.0,143.0,22.0,48.0,92.0,24.0,136.0,30.0,,,,,,,,,,,,,,,,,,,,,,,,,,,,,
29/05/2006,240.0,78.0,118.0,106.0,59.0,109.0,26.0,51.0,25.0,34.0,82.0,87.0,31.0,151.0,35.0,63.0,58.0,36.0,54.0,51.0,,,,,,,,,,,,,,,,,,,,,,,,,,,,,
05/06/2006,162.0,60.0,55.0,23.0,15.0,118.0,30.0,85.0,44.0,28.0,34.0,25.0,30.0,105.0,14.0,30.0,51.0,18.0,58.0,37.0,,,,,,,,,,,,,,,,,,,,,,,,,,,,,
12/06/2006,264.0,60.0,80.0,47.0,15.0,99.0,47.0,70.0,61.0,44.0,68.0,88.0,57.0,145.0,28.0,45.0,25.0,35.0,47.0,40.0,,,,,,,,,,,,,,,,,,,,,,,,,,,,,
19/06/2006,133.0,51.0,65.0,23.0,65.0,51.0,32.0,66.0,54.0,26.0,64.0,51.0,50.0,134.0,19.0,41.0,118.0,34.0,39.0,31.0,,,,,,,,,,,,,,,,,,,,,,,,,,,,,
26/06/2006,201.0,63.0,56.0,43.0,8.0,26.0,39.0,63.0,30.0,43.0,52.0,46.0,27.0,130.0,28.0,55.0,84.0,24.0,35.0,12.0,,,,,,,,,,,,,,,,,,,,,,,,,,,,,
03/07/2006,236.0,70.0,25.0,5.0,50.0,27.0,22.0,118.0,72.0,19.0,23.0,41.0,14.0,89.0,19.0,37.0,26.0,24.0,34.0,26.0,,,,,,,,,,,,,,,,,,,,,,,,,,,,,
10/07/2006,,21.0,25.0,6.0,28.0,32.0,8.0,24.0,17.0,11.0,24.0,15.0,5.0,49.0,7.0,17.0,11.0,9.0,7.0,20.0,,,,,,,,,,,,,,,,,,,,,,,,,,,,,
17/07/2006,76.0,54.0,16.0,12.0,17.0,3.0,6.0,29.0,22.0,6.0,2.0,8.0,7.0,24.0,9.0,17.0,23.0,13.0,7.0,9.0,,,,,,,,,,,,,,,,,,,,,,,,,,,,,
24/07/2006,52.0,19.0,7.0,4.0,8.0,16.0,2.0,23.0,4.0,6.0,3.0,1.0,4.0,29.0,3.0,12.0,9.0,5.0,4.0,6.0,,,,,,,,,,,,,,,,,,,,,,,,,,,,,
31/07/2006,,5.0,3.0,4.0,4.0,11.0,0.0,12.0,14.0,2.0,8.0,7.0,5.0,15.0,4.0,3.0,5.0,1.0,4.0,1.0,,,,,,,,,,,,,,,,,,,,,,,,,,,,,
07/08/2006,30.0,16.0,1.0,4.0,6.0,9.0,4.0,4.0,13.0,3.0,6.0,12.0,3.0,4.0,6.0,2.0,5.0,3.0,1.0,0.0,,,,,,,,,,,,,,,,,,,,,,,,,,,,,
14/08/2006,74.0,1.0,4.0,4.0,5.0,1.0,1.0,2.0,1.0,4.0,1.0,2.0,1.0,6.0,1.0,9.0,0.0,1.0,2.0,0.0,,,,,,,,,,,,,,,,,,,,,,,,,,,,,
21/08/2006,45.0,5.0,0.0,8.0,3.0,2.0,2.0,2.0,2.0,1.0,1.0,4.0,0.0,4.0,2.0,1.0,0.0,0.0,0.0,0.0,,,,,,,,,,,,,,,,,,,,,,,,,,,,,
28/08/2006,41.0,1.0,0.0,2.0,2.0,6.0,2.0,2.0,2.0,4.0,0.0,0.0,2.0,17.0,2.0,2.0,0.0,0.0,3.0,2.0,,,,,,,,,,,,,,,,,,,,,,,,,,,,,
04/09/2006,20.0,5.0,2.0,4.0,1.0,5.0,2.0,1.0,1.0,3.0,1.0,4.0,2.0,1.0,4.0,3.0,1.0,2.0,2.0,0.0,,,,,,,,,,,,,,,,,,,,,,,,,,,,,
11/09/2006,15.0,3.0,1.0,5.0,4.0,0.0,0.0,1.0,3.0,4.0,2.0,6.0,2.0,4.0,1.0,5.0,0.0,1.0,2.0,2.0,,,,,,,,,,,,,,,,,,,,,,,,,,,,,
18/09/2006,,7.0,0.0,1.0,3.0,3.0,6.0,3.0,3.0,2.0,7.0,4.0,2.0,7.0,1.0,6.0,1.0,1.0,5.0,1.0,,,,,,,,,,,,,,,,,,,,,,,,,,,,,
25/09/2006,10.0,3.0,4.0,5.0,12.0,1.0,2.0,7.0,8.0,9.0,10.0,8.0,9.0,12.0,6.0,10.0,3.0,2.0,1.0,3.0,,,,,,,,,,,,,,,,,,,,,,,,,,,,,
02/10/2006,9.0,6.0,3.0,11.0,11.0,9.0,6.0,5.0,7.0,2.0,12.0,3.0,12.0,8.0,3.0,7.0,2.0,0.0,3.0,10.0,,,,,,,,,,,,,,,,,,,,,,,,,,,,,
09/10/2006,35.0,1.0,2.0,3.0,16.0,4.0,0.0,9.0,16.0,11.0,15.0,13.0,19.0,29.0,6.0,6.0,5.0,7.0,7.0,10.0,,,,,,,,,,,,,,,,,,,,,,,,,,,,,
16/10/2006,20.0,4.0,9.0,6.0,24.0,11.0,7.0,7.0,16.0,13.0,27.0,4.0,4.0,29.0,8.0,24.0,2.0,1.0,4.0,4.0,,,,,,,,,,,,,,,,,,,,,,,,,,,,,
23/10/2006,19.0,3.0,10.0,7.0,16.0,19.0,25.0,8.0,31.0,7.0,17.0,5.0,17.0,23.0,4.0,13.0,0.0,4.0,10.0,12.0,,,,,,,,,,,,,,,,,,,,,,,,,,,,,
30/10/2006,51.0,9.0,18.0,8.0,6.0,7.0,20.0,11.0,46.0,25.0,33.0,9.0,7.0,46.0,5.0,14.0,1.0,5.0,1.0,6.0,,,,,,,,,,,,,,,,,,,,,,,,,,,,,
06/11/2006,53.0,16.0,19.0,21.0,39.0,20.0,37.0,9.0,22.0,28.0,53.0,11.0,15.0,47.0,7.0,42.0,1.0,4.0,15.0,18.0,,,,,,,,,,,,,,,,,,,,,,,,,,,,,
13/11/2006,77.0,15.0,39.0,18.0,33.0,17.0,24.0,12.0,42.0,36.0,44.0,4.0,18.0,71.0,38.0,14.0,4.0,9.0,13.0,13.0,,,,,,,,,,,,,,,,,,,,,,,,,,,,,
20/11/2006,62.0,24.0,14.0,20.0,39.0,18.0,50.0,13.0,16.0,56.0,41.0,7.0,62.0,94.0,15.0,7.0,8.0,29.0,10.0,16.0,,,,,,,,,,,,,,,,,,,,,,,,,,,,,
27/11/2006,93.0,17.0,26.0,25.0,10.0,7.0,61.0,31.0,57.0,54.0,55.0,14.0,41.0,127.0,55.0,46.0,10.0,12.0,19.0,11.0,,,,,,,,,,,,,,,,,,,,,,,,,,,,,
04/12/2006,,24.0,28.0,24.0,37.0,39.0,101.0,31.0,33.0,50.0,59.0,6.0,59.0,99.0,49.0,21.0,7.0,23.0,29.0,32.0,,,,,,,,,,,,,,,,,,,,,,,,,,,,,
11/12/2006,82.0,52.0,10.0,34.0,22.0,31.0,79.0,35.0,44.0,68.0,42.0,22.0,8.0,103.0,51.0,16.0,11.0,30.0,32.0,35.0,,,,,,,,,,,,,,,,,,,,,,,,,,,,,
18/12/2006,84.0,53.0,44.0,33.0,31.0,11.0,40.0,41.0,36.0,105.0,59.0,11.0,46.0,125.0,87.0,5.0,18.0,9.0,43.0,32.0,,,,,,,,,,,,,,,,,,,,,,,,,,,,,
25/12/2006,58.0,21.0,24.0,46.0,15.0,30.0,43.0,35.0,32.0,82.0,20.0,4.0,1.0,68.0,25.0,1.0,13.0,1.0,48.0,24.0,,,,,,,,,,,,,,,,,,,,,,,,,,,,,
01/01/2007,114.0,39.0,24.0,76.0,25.0,28.0,97.0,65.0,71.0,138.0,65.0,13.0,30.0,179.0,82.0,1.0,17.0,13.0,47.0,42.0,,,,,,,,,,,,,,,,,,,,,,,,,,,,,
08/01/2007,145.0,63.0,56.0,35.0,61.0,98.0,66.0,59.0,65.0,210.0,72.0,42.0,106.0,205.0,84.0,53.0,17.0,59.0,59.0,63.0,,,,,,,,,,,,,,,,,,,,,,,,,,,,,
15/01/2007,93.0,38.0,46.0,93.0,160.0,21.0,26.0,56.0,55.0,103.0,36.0,10.0,56.0,118.0,37.0,38.0,12.0,34.0,29.0,36.0,,,,,,,,,,,,,,,,,,,,,,,,,,,,,
22/01/2007,129.0,50.0,46.0,125.0,44.0,38.0,116.0,67.0,40.0,151.0,50.0,24.0,64.0,155.0,56.0,46.0,36.0,5.0,48.0,67.0,,,,,,,,,,,,,,,,,,,,,,,,,,,,,
29/01/2007,114.0,55.0,55.0,155.0,71.0,48.0,54.0,66.0,45.0,110.0,45.0,34.0,46.0,175.0,66.0,61.0,14.0,21.0,73.0,54.0,,,,,,,,,,,,,,,,,,,,,,,,,,,,,
05/02/2007,86.0,49.0,39.0,75.0,125.0,22.0,36.0,58.0,63.0,126.0,78.0,34.0,36.0,135.0,65.0,125.0,37.0,15.0,118.0,70.0,,,,,,,,,,,,,,,,,,,,,,,,,,,,,
12/02/2007,127.0,58.0,73.0,114.0,52.0,26.0,36.0,74.0,26.0,116.0,126.0,28.0,60.0,86.0,60.0,33.0,29.0,36.0,64.0,35.0,,,,,,,,,,,,,,,,,,,,,,,,,,,,,
19/02/2007,,62.0,37.0,117.0,144.0,89.0,90.0,87.0,85.0,147.0,81.0,29.0,96.0,224.0,71.0,57.0,39.0,56.0,122.0,45.0,,,,,,,,,,,,,,,,,,,,,,,,,,,,,
26/02/2007,211.0,79.0,40.0,87.0,96.0,40.0,49.0,71.0,50.0,150.0,93.0,59.0,38.0,211.0,63.0,37.0,23.0,60.0,59.0,29.0,,,,,,,,,,,,,,,,,,,,,,,,,,,,,
05/03/2007,229.0,53.0,77.0,86.0,107.0,67.0,93.0,116.0,39.0,173.0,111.0,48.0,112.0,214.0,49.0,46.0,36.0,36.0,85.0,42.0,,,,,,,,,,,,,,,,,,,,,,,,,,,,,
12/03/2007,145.0,65.0,22.0,64.0,110.0,25.0,31.0,63.0,56.0,74.0,56.0,25.0,47.0,136.0,22.0,26.0,28.0,7.0,92.0,24.0,,,,,,,,,,,,,,,,,,,,,,,,,,,,,
19/03/2007,210.0,109.0,89.0,140.0,72.0,105.0,88.0,128.0,66.0,184.0,109.0,35.0,108.0,279.0,55.0,74.0,6.0,55.0,101.0,39.0,,,,,,,,,,,,,,,,,,,,,,,,,,,,,
26/03/2007,267.0,90.0,61.0,163.0,96.0,89.0,85.0,107.0,94.0,111.0,80.0,90.0,77.0,255.0,54.0,37.0,38.0,59.0,76.0,64.0,,,,,,,,,,,,,,,,,,,,,,,,,,,,,
02/04/2007,166.0,68.0,69.0,66.0,138.0,21.0,66.0,90.0,83.0,86.0,54.0,70.0,30.0,209.0,37.0,26.0,21.0,39.0,107.0,27.0,,,,,,,,,,,,,,,,,,,,,,,,,,,,,
09/04/2007,168.0,89.0,59.0,58.0,114.0,77.0,57.0,92.0,44.0,111.0,58.0,74.0,43.0,160.0,31.0,30.0,12.0,21.0,76.0,42.0,,,,,,,,,,,,,,,,,,,,,,,,,,,,,
16/04/2007,350.0,121.0,63.0,84.0,284.0,86.0,78.0,106.0,80.0,146.0,53.0,32.0,71.0,290.0,63.0,80.0,73.0,54.0,98.0,44.0,,,,,,,,,,,,,,,,,,,,,,,,,,,,,
23/04/2007,224.0,41.0,60.0,111.0,157.0,29.0,72.0,94.0,69.0,85.0,27.0,50.0,106.0,204.0,19.0,43.0,59.0,22.0,75.0,51.0,,,,,,,,,,,,,,,,,,,,,,,,,,,,,
30/04/2007,136.0,60.0,66.0,23.0,88.0,46.0,20.0,60.0,15.0,18.0,12.0,18.0,76.0,105.0,22.0,70.0,10.0,11.0,42.0,37.0,,,,,,,,,,,,,,,,,,,,,,,,,,,,,
07/05/2007,278.0,137.0,91.0,53.0,23.0,70.0,59.0,110.0,129.0,142.0,83.0,46.0,107.0,257.0,30.0,65.0,79.0,29.0,90.0,45.0,,,,,,,,,,,,,,,,,,,,,,,,,,,,,
14/05/2007,161.0,118.0,145.0,61.0,93.0,103.0,46.0,123.0,76.0,67.0,54.0,75.0,88.0,210.0,30.0,72.0,35.0,21.0,69.0,54.0,,,,,,,,,,,,,,,,,,,,,,,,,,,,,
21/05/2007,385.0,141.0,75.0,87.0,174.0,90.0,63.0,108.0,119.0,101.0,65.0,59.0,73.0,198.0,47.0,39.0,73.0,10.0,84.0,49.0,,,,,,,,,,,,,,,,,,,,,,,,,,,,,
28/05/2007,230.0,38.0,91.0,76.0,82.0,30.0,36.0,113.0,113.0,40.0,26.0,55.0,68.0,149.0,26.0,76.0,56.0,8.0,54.0,32.0,,,,,,,,,,,,,,,,,,,,,,,,,,,,,
04/06/2007,,116.0,79.0,62.0,161.0,58.0,61.0,56.0,150.0,92.0,45.0,54.0,100.0,220.0,29.0,113.0,51.0,17.0,55.0,32.0,,,,,,,,,,,,,,,,,,,,,,,,,,,,,
11/06/2007,210.0,75.0,65.0,80.0,129.0,47.0,13.0,57.0,120.0,40.0,11.0,56.0,59.0,125.0,25.0,14.0,22.0,7.0,32.0,16.0,,,,,,,,,,,,,,,,,,,,,,,,,,,,,
18/06/2007,125.0,73.0,47.0,18.0,34.0,61.0,13.0,61.0,75.0,25.0,9.0,21.0,25.0,131.0,29.0,28.0,20.0,8.0,71.0,11.0,,,,,,,,,,,,,,,,,,,,,,,,,,,,,
25/06/2007,104.0,34.0,67.0,16.0,68.0,39.0,29.0,49.0,73.0,15.0,20.0,26.0,21.0,101.0,15.0,24.0,13.0,4.0,18.0,12.0,,,,,,,,,,,,,,,,,,,,,,,,,,,,,
02/07/2007,140.0,25.0,23.0,29.0,80.0,21.0,10.0,24.0,47.0,15.0,6.0,11.0,18.0,65.0,14.0,10.0,11.0,3.0,15.0,9.0,,,,,,,,,,,,,,,,,,,,,,,,,,,,,
09/07/2007,99.0,21.0,16.0,27.0,33.0,3.0,6.0,27.0,33.0,14.0,8.0,10.0,11.0,30.0,9.0,14.0,11.0,3.0,19.0,0.0,,,,,,,,,,,,,,,,,,,,,,,,,,,,,
16/07/2007,,8.0,19.0,90.0,33.0,5.0,5.0,7.0,14.0,2.0,7.0,11.0,6.0,29.0,8.0,1.0,10.0,1.0,6.0,0.0,,,,,,,,,,,,,,,,,,,,,,,,,,,,,
23/07/2007,14.0,17.0,19.0,2.0,30.0,15.0,3.0,5.0,9.0,9.0,12.0,18.0,8.0,19.0,2.0,14.0,4.0,2.0,6.0,0.0,,,,,,,,,,,,,,,,,,,,,,,,,,,,,
30/07/2007,34.0,9.0,6.0,3.0,14.0,14.0,0.0,4.0,13.0,2.0,8.0,2.0,3.0,9.0,2.0,4.0,5.0,1.0,5.0,2.0,,,,,,,,,,,,,,,,,,,,,,,,,,,,,
06/08/2007,7.0,4.0,5.0,2.0,7.0,3.0,0.0,33.0,2.0,1.0,2.0,2.0,1.0,7.0,1.0,9.0,2.0,0.0,5.0,0.0,,,,,,,,,,,,,,,,,,,,,,,,,,,,,
13/08/2007,7.0,1.0,6.0,0.0,21.0,2.0,2.0,7.0,4.0,6.0,3.0,1.0,1.0,5.0,2.0,0.0,0.0,1.0,4.0,0.0,,,,,,,,,,,,,,,,,,,,,,,,,,,,,
20/08/2007,4.0,1.0,1.0,3.0,4.0,1.0,0.0,4.0,4.0,0.0,3.0,0.0,0.0,3.0,5.0,1.0,0.0,0.0,2.0,3.0,,,,,,,,,,,,,,,,,,,,,,,,,,,,,
27/08/2007,4.0,1.0,2.0,1.0,8.0,1.0,2.0,6.0,4.0,0.0,4.0,2.0,0.0,19.0,1.0,1.0,4.0,3.0,0.0,0.0,,,,,,,,,,,,,,,,,,,,,,,,,,,,,
03/09/2007,10.0,4.0,4.0,2.0,14.0,0.0,3.0,2.0,1.0,3.0,2.0,3.0,0.0,1.0,2.0,1.0,4.0,0.0,0.0,0.0,,,,,,,,,,,,,,,,,,,,,,,,,,,,,
10/09/2007,6.0,1.0,2.0,2.0,3.0,0.0,3.0,3.0,1.0,3.0,0.0,1.0,4.0,2.0,0.0,0.0,0.0,1.0,4.0,1.0,,,,,,,,,,,,,,,,,,,,,,,,,,,,,
17/09/2007,6.0,4.0,2.0,1.0,5.0,0.0,5.0,3.0,3.0,3.0,0.0,2.0,3.0,6.0,0.0,1.0,4.0,0.0,0.0,1.0,,,,,,,,,,,,,,,,,,,,,,,,,,,,,
24/09/2007,12.0,11.0,4.0,2.0,8.0,6.0,9.0,5.0,6.0,1.0,1.0,13.0,2.0,10.0,3.0,3.0,7.0,1.0,5.0,0.0,,,,,,,,,,,,,,,,,,,,,,,,,,,,,
01/10/2007,20.0,5.0,6.0,11.0,11.0,2.0,12.0,4.0,11.0,2.0,4.0,2.0,0.0,31.0,1.0,5.0,13.0,1.0,5.0,0.0,,,,,,,,,,,,,,,,,,,,,,,,,,,,,
08/10/2007,14.0,13.0,12.0,12.0,38.0,6.0,16.0,13.0,15.0,1.0,3.0,15.0,7.0,34.0,2.0,55.0,8.0,2.0,3.0,6.0,,,,,,,,,,,,,,,,,,,,,,,,,,,,,
15/10/2007,33.0,10.0,20.0,19.0,50.0,6.0,13.0,22.0,33.0,3.0,6.0,16.0,12.0,32.0,3.0,17.0,8.0,3.0,12.0,8.0,,,,,,,,,,,,,,,,,,,,,,,,,,,,,
22/10/2007,20.0,14.0,34.0,13.0,20.0,7.0,6.0,12.0,42.0,1.0,5.0,10.0,9.0,33.0,7.0,4.0,13.0,0.0,18.0,4.0,,,,,,,,,,,,,,,,,,,,,,,,,,,,,
29/10/2007,25.0,9.0,9.0,20.0,25.0,0.0,4.0,6.0,37.0,4.0,1.0,2.0,19.0,28.0,2.0,44.0,8.0,0.0,18.0,7.0,,,,,,,,,,,,,,,,,,,,,,,,,,,,,
05/11/2007,93.0,20.0,48.0,37.0,63.0,9.0,26.0,30.0,58.0,1.0,2.0,11.0,29.0,91.0,15.0,31.0,19.0,7.0,25.0,21.0,,,,,,,,,,,,,,,,,,,,,,,,,,,,,
12/11/2007,72.0,22.0,34.0,41.0,49.0,10.0,25.0,22.0,63.0,1.0,6.0,4.0,27.0,95.0,20.0,35.0,38.0,3.0,38.0,20.0,,,,,,,,,,,,,,,,,,,,,,,,,,,,,
19/11/2007,54.0,21.0,29.0,37.0,70.0,1.0,17.0,32.0,34.0,7.0,6.0,24.0,11.0,83.0,7.0,64.0,14.0,2.0,15.0,10.0,,,,,,,,,,,,,,,,,,,,,,,,,,,,,
26/11/2007,175.0,50.0,40.0,37.0,74.0,24.0,44.0,27.0,67.0,37.0,14.0,15.0,32.0,99.0,40.0,47.0,24.0,5.0,29.0,13.0,,,,,,,,,,,,,,,,,,,,,,,,,,,,,
03/12/2007,126.0,34.0,36.0,33.0,54.0,10.0,46.0,35.0,82.0,23.0,14.0,55.0,33.0,78.0,28.0,17.0,14.0,3.0,39.0,18.0,,,,,,,,,,,,,,,,,,,,,,,,,,,,,
10/12/2007,60.0,27.0,52.0,30.0,51.0,2.0,71.0,42.0,155.0,27.0,26.0,22.0,25.0,108.0,66.0,77.0,10.0,0.0,27.0,15.0,,,,,,,,,,,,,,,,,,,,,,,,,,,,,
17/12/2007,193.0,36.0,38.0,60.0,82.0,4.0,40.0,86.0,96.0,12.0,19.0,48.0,14.0,82.0,44.0,28.0,8.0,5.0,51.0,11.0,,,,,,,,,,,,,,,,,,,,,,,,,,,,,
24/12/2007,68.0,15.0,31.0,3.0,34.0,2.0,59.0,43.0,106.0,23.0,35.0,15.0,0.0,46.0,6.0,170.0,9.0,3.0,38.0,13.0,,,,,,,,,,,,,,,,,,,,,,,,,,,,,
31/12/2007,,41.0,57.0,138.0,126.0,7.0,42.0,32.0,22.0,11.0,35.0,78.0,21.0,167.0,50.0,69.0,10.0,3.0,37.0,12.0,,,,,,,,,,,,,,,,,,,,,,,,,,,,,
07/01/2008,156.0,68.0,34.0,86.0,143.0,15.0,124.0,68.0,22.0,46.0,38.0,70.0,39.0,197.0,45.0,110.0,10.0,1.0,29.0,13.0,,,,,,,,,,,,,,,,,,,,,,,,,,,,,
14/01/2008,479.0,76.0,95.0,57.0,202.0,31.0,76.0,137.0,214.0,73.0,38.0,160.0,74.0,431.0,113.0,203.0,27.0,8.0,131.0,21.0,,,,,,,,,,,,,,,,,,,,,,,,,,,,,
21/01/2008,143.0,50.0,71.0,94.0,209.0,11.0,37.0,33.0,80.0,15.0,57.0,28.0,34.0,87.0,24.0,82.0,4.0,0.0,37.0,11.0,,,,,,,,,,,,,,,,,,,,,,,,,,,,,
28/01/2008,193.0,20.0,48.0,129.0,61.0,15.0,55.0,43.0,73.0,16.0,26.0,34.0,8.0,143.0,26.0,71.0,6.0,7.0,48.0,13.0,,,,,,,,,,,,,,,,,,,,,,,,,,,,,
04/02/2008,105.0,24.0,18.0,50.0,104.0,27.0,43.0,47.0,38.0,7.0,31.0,47.0,25.0,114.0,33.0,93.0,12.0,0.0,32.0,1.0,,,,,,,,,,,,,,,,,,,,,,,,,,,,,
11/02/2008,136.0,33.0,17.0,12.0,62.0,20.0,73.0,41.0,39.0,35.0,30.0,27.0,4.0,90.0,24.0,58.0,11.0,6.0,27.0,5.0,,,,,,,,,,,,,,,,,,,,,,,,,,,,,
18/02/2008,,39.0,52.0,9.0,66.0,15.0,102.0,49.0,114.0,37.0,38.0,27.0,21.0,109.0,42.0,70.0,11.0,7.0,26.0,5.0,,,,,,,,,,,,,,,,,,,,,,,,,,,,,
25/02/2008,150.0,46.0,26.0,8.0,76.0,26.0,105.0,35.0,48.0,37.0,50.0,15.0,26.0,146.0,40.0,73.0,10.0,14.0,25.0,22.0,,,,,,,,,,,,,,,,,,,,,,,,,,,,,
03/03/2008,82.0,42.0,70.0,21.0,85.0,26.0,73.0,69.0,71.0,18.0,45.0,26.0,49.0,95.0,40.0,51.0,9.0,3.0,53.0,11.0,,,,,,,,,,,,,,,,,,,,,,,,,,,,,
10/03/2008,64.0,50.0,32.0,105.0,78.0,18.0,84.0,53.0,40.0,20.0,56.0,39.0,25.0,98.0,24.0,69.0,15.0,5.0,50.0,18.0,,,,,,,,,,,,,,,,,,,,,,,,,,,,,
17/03/2008,100.0,31.0,50.0,34.0,55.0,31.0,84.0,150.0,85.0,17.0,31.0,47.0,69.0,108.0,12.0,78.0,8.0,6.0,52.0,18.0,,,,,,,,,,,,,,,,,,,,,,,,,,,,,
24/03/2008,95.0,78.0,18.0,18.0,127.0,15.0,104.0,87.0,52.0,27.0,51.0,26.0,19.0,123.0,42.0,49.0,10.0,3.0,48.0,10.0,,,,,,,,,,,,,,,,,,,,,,,,,,,,,
31/03/2008,136.0,64.0,44.0,71.0,64.0,48.0,130.0,160.0,93.0,44.0,86.0,60.0,55.0,114.0,30.0,55.0,24.0,2.0,52.0,21.0,,,,,,,,,,,,,,,,,,,,,,,,,,,,,
07/04/2008,80.0,78.0,65.0,37.0,42.0,8.0,122.0,102.0,47.0,51.0,39.0,28.0,26.0,76.0,32.0,66.0,12.0,10.0,38.0,4.0,,,,,,,,,,,,,,,,,,,,,,,,,,,,,
14/04/2008,122.0,42.0,51.0,58.0,119.0,41.0,101.0,73.0,75.0,23.0,104.0,31.0,37.0,156.0,10.0,60.0,15.0,7.0,47.0,22.0,,,,,,,,,,,,,,,,,,,,,,,,,,,,,
21/04/2008,117.0,60.0,134.0,47.0,101.0,90.0,164.0,106.0,62.0,55.0,80.0,14.0,39.0,115.0,57.0,46.0,52.0,10.0,54.0,14.0,,,,,,,,,,,,,,,,,,,,,,,,,,,,,
28/04/2008,84.0,19.0,18.0,31.0,36.0,14.0,49.0,40.0,49.0,20.0,9.0,82.0,4.0,45.0,11.0,14.0,24.0,10.0,16.0,1.0,,,,,,,,,,,,,,,,,,,,,,,,,,,,,
05/05/2008,133.0,93.0,69.0,57.0,108.0,41.0,123.0,97.0,69.0,97.0,114.0,23.0,33.0,70.0,39.0,115.0,28.0,31.0,65.0,11.0,,,,,,,,,,,,,,,,,,,,,,,,,,,,,
12/05/2008,62.0,63.0,111.0,35.0,64.0,4.0,55.0,49.0,59.0,26.0,69.0,31.0,17.0,50.0,32.0,43.0,34.0,1.0,21.0,19.0,,,,,,,,,,,,,,,,,,,,,,,,,,,,,
19/05/2008,211.0,103.0,70.0,59.0,91.0,109.0,98.0,98.0,86.0,110.0,58.0,72.0,42.0,85.0,97.0,23.0,34.0,9.0,82.0,14.0,,,,,,,,,,,,,,,,,,,,,,,,,,,,,
26/05/2008,143.0,77.0,81.0,24.0,55.0,89.0,134.0,68.0,130.0,76.0,50.0,60.0,11.0,71.0,46.0,50.0,40.0,42.0,33.0,7.0,,,,,,,,,,,,,,,,,,,,,,,,,,,,,
02/06/2008,,145.0,34.0,66.0,127.0,53.0,63.0,74.0,92.0,49.0,83.0,30.0,23.0,129.0,19.0,63.0,37.0,10.0,40.0,12.0,,,,,,,,,,,,,,,,,,,,,,,,,,,,,
09/06/2008,105.0,96.0,51.0,12.0,70.0,23.0,78.0,85.0,112.0,24.0,39.0,65.0,15.0,70.0,63.0,15.0,90.0,41.0,29.0,7.0,,,,,,,,,,,,,,,,,,,,,,,,,,,,,
16/06/2008,140.0,69.0,31.0,30.0,56.0,43.0,43.0,40.0,68.0,21.0,46.0,55.0,7.0,50.0,21.0,30.0,25.0,18.0,29.0,2.0,,,,,,,,,,,,,,,,,,,,,,,,,,,,,
23/06/2008,51.0,35.0,34.0,11.0,69.0,43.0,45.0,43.0,53.0,29.0,43.0,58.0,8.0,93.0,28.0,13.0,31.0,20.0,25.0,10.0,,,,,,,,,,,,,,,,,,,,,,,,,,,,,
30/06/2008,70.0,68.0,15.0,0.0,21.0,32.0,30.0,28.0,51.0,5.0,19.0,34.0,10.0,47.0,14.0,4.0,7.0,18.0,15.0,5.0,,,,,,,,,,,,,,,,,,,,,,,,,,,,,
07/07/2008,46.0,14.0,17.0,18.0,13.0,11.0,16.0,16.0,53.0,14.0,46.0,23.0,13.0,50.0,14.0,14.0,22.0,18.0,23.0,1.0,,,,,,,,,,,,,,,,,,,,,,,,,,,,,
14/07/2008,17.0,8.0,9.0,13.0,36.0,16.0,8.0,23.0,41.0,8.0,17.0,18.0,3.0,18.0,9.0,33.0,29.0,8.0,6.0,13.0,,,,,,,,,,,,,,,,,,,,,,,,,,,,,
21/07/2008,21.0,17.0,10.0,7.0,18.0,11.0,3.0,12.0,4.0,7.0,91.0,18.0,11.0,3.0,9.0,10.0,6.0,12.0,11.0,1.0,,,,,,,,,,,,,,,,,,,,,,,,,,,,,
28/07/2008,51.0,4.0,5.0,0.0,8.0,9.0,14.0,17.0,5.0,7.0,10.0,8.0,4.0,15.0,6.0,1.0,13.0,7.0,4.0,3.0,,,,,,,,,,,,,,,,,,,,,,,,,,,,,
04/08/2008,22.0,2.0,7.0,2.0,11.0,1.0,4.0,12.0,4.0,3.0,5.0,10.0,3.0,11.0,3.0,18.0,1.0,9.0,5.0,3.0,,,,,,,,,,,,,,,,,,,,,,,,,,,,,
11/08/2008,11.0,1.0,5.0,6.0,13.0,1.0,5.0,8.0,5.0,2.0,4.0,2.0,4.0,4.0,8.0,18.0,7.0,2.0,4.0,1.0,,,,,,,,,,,,,,,,,,,,,,,,,,,,,
18/08/2008,,0.0,1.0,1.0,4.0,1.0,1.0,4.0,1.0,2.0,1.0,4.0,0.0,4.0,1.0,1.0,1.0,3.0,2.0,0.0,,,,,,,,,,,,,,,,,,,,,,,,,,,,,
25/08/2008,10.0,2.0,2.0,1.0,6.0,1.0,0.0,5.0,0.0,1.0,1.0,2.0,0.0,3.0,0.0,0.0,2.0,2.0,8.0,3.0,,,,,,,,,,,,,,,,,,,,,,,,,,,,,
01/09/2008,4.0,1.0,2.0,4.0,2.0,1.0,2.0,1.0,2.0,2.0,3.0,2.0,0.0,3.0,0.0,1.0,5.0,0.0,4.0,2.0,,,,,,,,,,,,,,,,,,,,,,,,,,,,,
08/09/2008,3.0,0.0,8.0,2.0,4.0,0.0,1.0,0.0,3.0,0.0,1.0,0.0,0.0,4.0,3.0,1.0,0.0,9.0,3.0,5.0,,,,,,,,,,,,,,,,,,,,,,,,,,,,,
15/09/2008,9.0,0.0,5.0,1.0,6.0,6.0,1.0,6.0,1.0,1.0,0.0,3.0,1.0,15.0,1.0,1.0,8.0,0.0,13.0,1.0,,,,,,,,,,,,,,,,,,,,,,,,,,,,,
22/09/2008,14.0,1.0,9.0,3.0,7.0,3.0,2.0,0.0,5.0,1.0,4.0,7.0,2.0,6.0,3.0,1.0,5.0,3.0,16.0,9.0,,,,,,,,,,,,,,,,,,,,,,,,,,,,,
29/09/2008,12.0,4.0,9.0,0.0,21.0,5.0,1.0,2.0,1.0,4.0,6.0,6.0,4.0,12.0,1.0,1.0,4.0,6.0,19.0,5.0,,,,,,,,,,,,,,,,,,,,,,,,,,,,,
06/10/2008,22.0,2.0,34.0,10.0,33.0,25.0,4.0,9.0,8.0,9.0,9.0,12.0,6.0,15.0,3.0,7.0,3.0,24.0,45.0,0.0,,,,,,,,,,,,,,,,,,,,,,,,,,,,,
13/10/2008,43.0,4.0,20.0,16.0,53.0,17.0,15.0,13.0,9.0,14.0,18.0,14.0,9.0,27.0,8.0,3.0,4.0,14.0,47.0,5.0,,,,,,,,,,,,,,,,,,,,,,,,,,,,,
20/10/2008,,3.0,0.0,3.0,3.0,17.0,6.0,17.0,5.0,9.0,16.0,2.0,14.0,34.0,7.0,4.0,5.0,32.0,30.0,25.0,,,,,,,,,,,,,,,,,,,,,,,,,,,,,
27/10/2008,67.0,7.0,72.0,11.0,41.0,17.0,8.0,19.0,13.0,6.0,23.0,1.0,15.0,23.0,10.0,9.0,1.0,15.0,45.0,4.0,,,,,,,,,,,,,,,,,,,,,,,,,,,,,
03/11/2008,78.0,9.0,25.0,4.0,45.0,16.0,5.0,33.0,15.0,9.0,35.0,24.0,19.0,30.0,10.0,8.0,18.0,3.0,50.0,30.0,,,,,,,,,,,,,,,,,,,,,,,,,,,,,
10/11/2008,61.0,13.0,19.0,24.0,52.0,22.0,4.0,22.0,24.0,6.0,31.0,12.0,17.0,45.0,10.0,5.0,10.0,15.0,44.0,2.0,,,,,,,,,,,,,,,,,,,,,,,,,,,,,
17/11/2008,62.0,8.0,35.0,4.0,39.0,32.0,8.0,35.0,16.0,3.0,24.0,6.0,60.0,15.0,12.0,15.0,25.0,1.0,37.0,22.0,,,,,,,,,,,,,,,,,,,,,,,,,,,,,
24/11/2008,40.0,29.0,17.0,34.0,56.0,27.0,6.0,41.0,14.0,38.0,39.0,11.0,44.0,48.0,15.0,11.0,17.0,41.0,36.0,5.0,,,,,,,,,,,,,,,,,,,,,,,,,,,,,
01/12/2008,98.0,17.0,23.0,19.0,34.0,19.0,9.0,55.0,28.0,13.0,18.0,23.0,34.0,41.0,15.0,23.0,16.0,13.0,42.0,4.0,,,,,,,,,,,,,,,,,,,,,,,,,,,,,
08/12/2008,110.0,20.0,14.0,42.0,108.0,14.0,17.0,54.0,26.0,29.0,94.0,12.0,52.0,35.0,69.0,41.0,12.0,8.0,35.0,49.0,,,,,,,,,,,,,,,,,,,,,,,,,,,,,
15/12/2008,142.0,42.0,20.0,37.0,65.0,49.0,14.0,78.0,40.0,27.0,65.0,52.0,53.0,70.0,40.0,73.0,16.0,40.0,71.0,17.0,,,,,,,,,,,,,,,,,,,,,,,,,,,,,
22/12/2008,53.0,20.0,3.0,20.0,14.0,13.0,2.0,29.0,14.0,13.0,35.0,9.0,3.0,13.0,19.0,12.0,3.0,36.0,53.0,13.0,,,,,,,,,,,,,,,,,,,,,,,,,,,,,
29/12/2008,39.0,18.0,1.0,8.0,32.0,0.0,2.0,67.0,28.0,13.0,55.0,9.0,44.0,65.0,12.0,48.0,16.0,0.0,27.0,10.0,,,,,,,,,,,,,,,,,,,,,,,,,,,,,
05/01/2009,304.0,42.0,58.0,57.0,69.0,57.0,18.0,136.0,81.0,36.0,144.0,63.0,86.0,125.0,103.0,17.0,56.0,141.0,123.0,24.0,,,,,,,,,,,,,,,,,,,,,,,,,,,,,
12/01/2009,300.0,23.0,66.0,44.0,355.0,79.0,18.0,68.0,62.0,36.0,97.0,26.0,35.0,143.0,77.0,74.0,14.0,65.0,26.0,10.0,,,,,,,,,,,,,,,,,,,,,,,,,,,,,
19/01/2009,115.0,49.0,40.0,9.0,112.0,31.0,13.0,51.0,21.0,22.0,51.0,50.0,58.0,75.0,42.0,13.0,13.0,52.0,37.0,8.0,,,,,,,,,,,,,,,,,,,,,,,,,,,,,
26/01/2009,176.0,62.0,44.0,53.0,100.0,46.0,5.0,56.0,67.0,48.0,65.0,27.0,65.0,107.0,54.0,74.0,13.0,42.0,61.0,23.0,,,,,,,,,,,,,,,,,,,,,,,,,,,,,
02/02/2009,176.0,41.0,25.0,23.0,71.0,70.0,14.0,44.0,83.0,30.0,42.0,19.0,49.0,102.0,102.0,26.0,29.0,77.0,45.0,15.0,,,,,,,,,,,,,,,,,,,,,,,,,,,,,
09/02/2009,157.0,57.0,42.0,25.0,64.0,67.0,11.0,73.0,78.0,51.0,91.0,39.0,43.0,103.0,57.0,86.0,44.0,31.0,103.0,13.0,,,,,,,,,,,,,,,,,,,,,,,,,,,,,
16/02/2009,188.0,47.0,64.0,57.0,74.0,77.0,8.0,45.0,97.0,49.0,86.0,46.0,45.0,142.0,87.0,39.0,44.0,45.0,43.0,6.0,,,,,,,,,,,,,,,,,,,,,,,,,,,,,
23/02/2009,128.0,94.0,55.0,75.0,71.0,42.0,34.0,79.0,117.0,79.0,89.0,53.0,59.0,125.0,60.0,88.0,66.0,135.0,65.0,55.0,,,,,,,,,,,,,,,,,,,,,,,,,,,,,
02/03/2009,165.0,73.0,46.0,35.0,97.0,65.0,3.0,50.0,119.0,52.0,85.0,58.0,58.0,124.0,66.0,32.0,43.0,99.0,49.0,22.0,,,,,,,,,,,,,,,,,,,,,,,,,,,,,
09/03/2009,129.0,59.0,51.0,64.0,125.0,45.0,13.0,68.0,50.0,51.0,104.0,48.0,38.0,161.0,26.0,162.0,70.0,75.0,57.0,17.0,,,,,,,,,,,,,,,,,,,,,,,,,,,,,
16/03/2009,197.0,52.0,38.0,65.0,67.0,87.0,16.0,68.0,92.0,49.0,67.0,24.0,87.0,173.0,31.0,47.0,105.0,54.0,59.0,5.0,,,,,,,,,,,,,,,,,,,,,,,,,,,,,
23/03/2009,129.0,22.0,46.0,34.0,65.0,148.0,34.0,85.0,102.0,49.0,72.0,55.0,34.0,155.0,40.0,62.0,21.0,87.0,69.0,5.0,,,,,,,,,,,,,,,,,,,,,,,,,,,,,
30/03/2009,217.0,113.0,41.0,29.0,55.0,199.0,31.0,35.0,88.0,95.0,76.0,75.0,64.0,168.0,65.0,75.0,50.0,108.0,37.0,51.0,,,,,,,,,,,,,,,,,,,,,,,,,,,,,
06/04/2009,109.0,45.0,53.0,16.0,74.0,102.0,54.0,124.0,89.0,19.0,107.0,28.0,40.0,35.0,38.0,44.0,39.0,54.0,32.0,14.0,,,,,,,,,,,,,,,,,,,,,,,,,,,,,
13/04/2009,212.0,68.0,42.0,39.0,219.0,111.0,37.0,34.0,71.0,53.0,43.0,32.0,23.0,120.0,58.0,93.0,51.0,53.0,41.0,17.0,,,,,,,,,,,,,,,,,,,,,,,,,,,,,
20/04/2009,,25.0,152.0,74.0,156.0,173.0,61.0,129.0,127.0,119.0,92.0,50.0,69.0,193.0,47.0,33.0,40.0,78.0,45.0,25.0,,,,,,,,,,,,,,,,,,,,,,,,,,,,,
27/04/2009,149.0,46.0,30.0,38.0,73.0,52.0,22.0,42.0,40.0,53.0,44.0,31.0,52.0,159.0,53.0,61.0,81.0,81.0,31.0,82.0,,,,,,,,,,,,,,,,,,,,,,,,,,,,,
04/05/2009,143.0,70.0,37.0,59.0,96.0,108.0,45.0,90.0,135.0,54.0,51.0,36.0,30.0,176.0,59.0,27.0,35.0,78.0,12.0,9.0,,,,,,,,,,,,,,,,,,,,,,,,,,,,,
11/05/2009,165.0,39.0,72.0,56.0,114.0,146.0,35.0,69.0,118.0,69.0,42.0,55.0,20.0,117.0,68.0,13.0,71.0,100.0,76.0,2.0,,,,,,,,,,,,,,,,,,,,,,,,,,,,,
18/05/2009,198.0,47.0,46.0,68.0,69.0,38.0,49.0,48.0,149.0,32.0,109.0,42.0,21.0,100.0,34.0,43.0,21.0,135.0,18.0,43.0,,,,,,,,,,,,,,,,,,,,,,,,,,,,,
25/05/2009,197.0,20.0,70.0,47.0,123.0,93.0,48.0,51.0,162.0,38.0,68.0,65.0,17.0,138.0,20.0,47.0,52.0,29.0,22.0,52.0,,,,,,,,,,,,,,,,,,,,,,,,,,,,,
01/06/2009,211.0,45.0,50.0,46.0,99.0,48.0,57.0,53.0,148.0,7.0,48.0,19.0,16.0,115.0,42.0,38.0,56.0,21.0,24.0,5.0,,,,,,,,,,,,,,,,,,,,,,,,,,,,,
08/06/2009,177.0,22.0,40.0,55.0,76.0,115.0,28.0,42.0,262.0,86.0,67.0,59.0,25.0,105.0,18.0,31.0,49.0,55.0,13.0,42.0,,,,,,,,,,,,,,,,,,,,,,,,,,,,,
15/06/2009,168.0,55.0,52.0,59.0,69.0,42.0,21.0,57.0,127.0,53.0,48.0,33.0,25.0,135.0,21.0,16.0,21.0,72.0,9.0,13.0,,,,,,,,,,,,,,,,,,,,,,,,,,,,,
22/06/2009,110.0,41.0,20.0,39.0,36.0,62.0,36.0,48.0,146.0,46.0,23.0,38.0,50.0,182.0,14.0,8.0,34.0,53.0,8.0,4.0,,,,,,,,,,,,,,,,,,,,,,,,,,,,,
29/06/2009,65.0,17.0,42.0,15.0,20.0,36.0,12.0,52.0,84.0,53.0,42.0,21.0,21.0,72.0,17.0,16.0,12.0,40.0,7.0,51.0,,,,,,,,,,,,,,,,,,,,,,,,,,,,,
06/07/2009,104.0,26.0,0.0,14.0,87.0,62.0,11.0,17.0,117.0,36.0,30.0,22.0,12.0,72.0,6.0,29.0,9.0,17.0,8.0,18.0,,,,,,,,,,,,,,,,,,,,,,,,,,,,,
13/07/2009,85.0,6.0,25.0,21.0,35.0,54.0,12.0,11.0,86.0,13.0,23.0,13.0,22.0,55.0,11.0,5.0,15.0,16.0,13.0,1.0,,,,,,,,,,,,,,,,,,,,,,,,,,,,,
20/07/2009,54.0,3.0,23.0,4.0,6.0,34.0,3.0,12.0,17.0,21.0,7.0,6.0,7.0,41.0,9.0,6.0,4.0,5.0,3.0,21.0,,,,,,,,,,,,,,,,,,,,,,,,,,,,,
27/07/2009,18.0,24.0,4.0,19.0,21.0,4.0,13.0,7.0,12.0,8.0,6.0,6.0,2.0,29.0,2.0,1.0,14.0,4.0,5.0,4.0,,,,,,,,,,,,,,,,,,,,,,,,,,,,,
03/08/2009,16.0,10.0,5.0,3.0,6.0,4.0,0.0,5.0,6.0,9.0,3.0,1.0,1.0,32.0,4.0,2.0,4.0,3.0,3.0,8.0,,,,,,,,,,,,,,,,,,,,,,,,,,,,,
10/08/2009,14.0,2.0,0.0,4.0,13.0,3.0,5.0,0.0,32.0,3.0,3.0,9.0,2.0,11.0,3.0,0.0,4.0,1.0,4.0,1.0,,,,,,,,,,,,,,,,,,,,,,,,,,,,,
17/08/2009,7.0,1.0,0.0,3.0,4.0,3.0,0.0,6.0,0.0,4.0,0.0,1.0,1.0,1.0,1.0,1.0,0.0,0.0,1.0,4.0,,,,,,,,,,,,,,,,,,,,,,,,,,,,,
24/08/2009,27.0,1.0,4.0,3.0,2.0,1.0,1.0,1.0,0.0,5.0,1.0,0.0,0.0,19.0,4.0,2.0,0.0,2.0,8.0,2.0,,,,,,,,,,,,,,,,,,,,,,,,,,,,,
31/08/2009,16.0,1.0,0.0,5.0,2.0,6.0,1.0,3.0,0.0,1.0,3.0,3.0,2.0,6.0,0.0,0.0,0.0,0.0,2.0,0.0,,,,,,,,,,,,,,,,,,,,,,,,,,,,,
07/09/2009,11.0,2.0,0.0,1.0,6.0,3.0,3.0,0.0,0.0,4.0,6.0,0.0,3.0,4.0,0.0,4.0,0.0,0.0,2.0,1.0,,,,,,,,,,,,,,,,,,,,,,,,,,,,,
14/09/2009,2.0,0.0,2.0,2.0,6.0,1.0,3.0,4.0,1.0,1.0,1.0,2.0,0.0,13.0,2.0,2.0,1.0,0.0,2.0,1.0,,,,,,,,,,,,,,,,,,,,,,,,,,,,,
21/09/2009,4.0,0.0,1.0,1.0,6.0,4.0,6.0,5.0,3.0,2.0,1.0,2.0,9.0,8.0,1.0,8.0,0.0,3.0,3.0,2.0,,,,,,,,,,,,,,,,,,,,,,,,,,,,,
28/09/2009,7.0,2.0,6.0,0.0,1.0,15.0,4.0,6.0,3.0,0.0,4.0,4.0,2.0,5.0,5.0,5.0,3.0,3.0,4.0,0.0,,,,,,,,,,,,,,,,,,,,,,,,,,,,,
05/10/2009,15.0,5.0,9.0,1.0,10.0,7.0,10.0,9.0,6.0,3.0,2.0,3.0,1.0,12.0,1.0,4.0,4.0,5.0,2.0,0.0,,,,,,,,,,,,,,,,,,,,,,,,,,,,,
12/10/2009,30.0,6.0,3.0,3.0,3.0,33.0,10.0,6.0,10.0,0.0,6.0,7.0,4.0,20.0,6.0,5.0,9.0,4.0,6.0,3.0,,,,,,,,,,,,,,,,,,,,,,,,,,,,,
19/10/2009,31.0,10.0,10.0,3.0,11.0,31.0,10.0,6.0,8.0,6.0,3.0,5.0,2.0,36.0,7.0,9.0,8.0,25.0,2.0,15.0,,,,,,,,,,,,,,,,,,,,,,,,,,,,,
26/10/2009,25.0,4.0,12.0,13.0,9.0,11.0,10.0,14.0,32.0,12.0,15.0,6.0,0.0,30.0,2.0,5.0,10.0,4.0,8.0,3.0,,,,,,,,,,,,,,,,,,,,,,,,,,,,,
02/11/2009,50.0,1.0,22.0,24.0,31.0,36.0,23.0,8.0,40.0,11.0,13.0,21.0,1.0,27.0,7.0,8.0,8.0,12.0,3.0,31.0,,,,,,,,,,,,,,,,,,,,,,,,,,,,,
09/11/2009,37.0,3.0,4.0,10.0,22.0,10.0,17.0,10.0,43.0,16.0,16.0,24.0,1.0,30.0,5.0,1.0,15.0,16.0,3.0,13.0,,,,,,,,,,,,,,,,,,,,,,,,,,,,,
16/11/2009,59.0,8.0,9.0,13.0,16.0,44.0,15.0,16.0,21.0,2.0,35.0,6.0,1.0,30.0,8.0,2.0,6.0,6.0,14.0,25.0,,,,,,,,,,,,,,,,,,,,,,,,,,,,,
23/11/2009,58.0,9.0,25.0,14.0,37.0,21.0,46.0,28.0,26.0,43.0,33.0,50.0,4.0,46.0,22.0,9.0,19.0,18.0,10.0,18.0,,,,,,,,,,,,,,,,,,,,,,,,,,,,,
30/11/2009,42.0,31.0,17.0,20.0,34.0,8.0,19.0,40.0,48.0,10.0,25.0,11.0,12.0,126.0,13.0,10.0,14.0,16.0,2.0,27.0,,,,,,,,,,,,,,,,,,,,,,,,,,,,,
07/12/2009,91.0,38.0,43.0,11.0,69.0,21.0,38.0,33.0,39.0,26.0,36.0,35.0,17.0,96.0,20.0,19.0,24.0,13.0,4.0,55.0,,,,,,,,,,,,,,,,,,,,,,,,,,,,,
14/12/2009,86.0,46.0,39.0,12.0,17.0,17.0,21.0,28.0,64.0,10.0,24.0,27.0,9.0,102.0,17.0,20.0,10.0,15.0,4.0,24.0,,,,,,,,,,,,,,,,,,,,,,,,,,,,,
21/12/2009,41.0,50.0,3.0,11.0,28.0,4.0,15.0,6.0,19.0,8.0,32.0,16.0,6.0,55.0,8.0,3.0,21.0,1.0,0.0,8.0,,,,,,,,,,,,,,,,,,,,,,,,,,,,,
28/12/2009,47.0,28.0,19.0,13.0,55.0,8.0,34.0,18.0,38.0,31.0,16.0,22.0,4.0,48.0,13.0,16.0,0.0,10.0,4.0,11.0,,,,,,,,,,,,,,,,,,,,,,,,,,,,,
04/01/2010,166.0,37.0,50.0,6.0,43.0,53.0,83.0,31.0,95.0,30.0,69.0,26.0,16.0,88.0,23.0,1.0,42.0,20.0,32.0,26.0,,,,,,,,,,,,,,,,,,,,,,,,,,,,,
11/01/2010,113.0,23.0,52.0,11.0,28.0,23.0,33.0,21.0,44.0,24.0,29.0,30.0,14.0,62.0,18.0,14.0,21.0,5.0,13.0,12.0,,,,,,,,,,,,,,,,,,,,,,,,,,,,,
18/01/2010,62.0,56.0,20.0,11.0,33.0,29.0,40.0,21.0,46.0,18.0,27.0,23.0,13.0,81.0,9.0,13.0,8.0,13.0,11.0,8.0,,,,,,,,,,,,,,,,,,,,,,,,,,,,,
25/01/2010,82.0,103.0,52.0,3.0,42.0,29.0,48.0,38.0,77.0,33.0,54.0,33.0,23.0,96.0,41.0,14.0,9.0,40.0,35.0,15.0,,,,,,,,,,,,,,,,,,,,,,,,,,,,,
01/02/2010,56.0,50.0,26.0,12.0,59.0,4.0,46.0,43.0,31.0,40.0,54.0,22.0,12.0,99.0,59.0,22.0,15.0,35.0,43.0,2.0,,,,,,,,,,,,,,,,,,,,,,,,,,,,,
08/02/2010,46.0,47.0,82.0,12.0,42.0,17.0,34.0,31.0,46.0,35.0,67.0,22.0,38.0,129.0,25.0,3.0,21.0,10.0,75.0,7.0,,,,,,,,,,,,,,,,,,,,,,,,,,,,,
15/02/2010,48.0,127.0,87.0,9.0,93.0,24.0,31.0,46.0,63.0,47.0,112.0,34.0,11.0,104.0,39.0,42.0,38.0,26.0,29.0,5.0,,,,,,,,,,,,,,,,,,,,,,,,,,,,,
22/02/2010,124.0,83.0,102.0,13.0,63.0,32.0,37.0,62.0,76.0,20.0,83.0,61.0,20.0,113.0,39.0,44.0,18.0,11.0,42.0,2.0,,,,,,,,,,,,,,,,,,,,,,,,,,,,,
01/03/2010,74.0,101.0,118.0,15.0,35.0,12.0,24.0,38.0,40.0,41.0,59.0,22.0,9.0,128.0,18.0,77.0,29.0,4.0,41.0,7.0,,,,,,,,,,,,,,,,,,,,,,,,,,,,,
08/03/2010,116.0,68.0,86.0,13.0,54.0,17.0,61.0,95.0,109.0,26.0,98.0,83.0,13.0,124.0,25.0,89.0,13.0,10.0,36.0,5.0,,,,,,,,,,,,,,,,,,,,,,,,,,,,,
15/03/2010,120.0,135.0,96.0,17.0,37.0,52.0,51.0,64.0,113.0,28.0,68.0,43.0,11.0,137.0,1.0,2.0,14.0,3.0,41.0,4.0,,,,,,,,,,,,,,,,,,,,,,,,,,,,,
22/03/2010,101.0,123.0,110.0,16.0,145.0,41.0,72.0,72.0,86.0,25.0,92.0,85.0,29.0,190.0,34.0,34.0,26.0,14.0,83.0,2.0,,,,,,,,,,,,,,,,,,,,,,,,,,,,,
29/03/2010,121.0,112.0,88.0,11.0,85.0,55.0,63.0,93.0,108.0,24.0,58.0,55.0,26.0,148.0,36.0,30.0,59.0,13.0,57.0,16.0,,,,,,,,,,,,,,,,,,,,,,,,,,,,,
05/04/2010,160.0,80.0,108.0,17.0,52.0,11.0,34.0,75.0,54.0,15.0,52.0,52.0,11.0,143.0,23.0,22.0,35.0,17.0,39.0,6.0,,,,,,,,,,,,,,,,,,,,,,,,,,,,,
12/04/2010,199.0,140.0,96.0,28.0,105.0,61.0,101.0,78.0,94.0,17.0,53.0,39.0,26.0,272.0,23.0,39.0,73.0,32.0,118.0,25.0,,,,,,,,,,,,,,,,,,,,,,,,,,,,,
19/04/2010,147.0,106.0,238.0,17.0,79.0,39.0,75.0,84.0,81.0,12.0,47.0,81.0,16.0,214.0,33.0,63.0,26.0,18.0,71.0,13.0,,,,,,,,,,,,,,,,,,,,,,,,,,,,,
26/04/2010,130.0,116.0,117.0,18.0,40.0,19.0,55.0,70.0,74.0,5.0,43.0,49.0,19.0,191.0,37.0,22.0,55.0,18.0,105.0,15.0,,,,,,,,,,,,,,,,,,,,,,,,,,,,,
03/05/2010,175.0,96.0,167.0,4.0,82.0,28.0,78.0,81.0,71.0,42.0,34.0,52.0,37.0,243.0,33.0,32.0,17.0,14.0,101.0,20.0,,,,,,,,,,,,,,,,,,,,,,,,,,,,,
10/05/2010,156.0,115.0,62.0,27.0,78.0,58.0,56.0,59.0,93.0,11.0,28.0,43.0,20.0,151.0,23.0,12.0,47.0,9.0,133.0,14.0,,,,,,,,,,,,,,,,,,,,,,,,,,,,,
17/05/2010,185.0,102.0,160.0,25.0,65.0,17.0,65.0,85.0,68.0,42.0,37.0,95.0,20.0,216.0,27.0,3.0,15.0,29.0,99.0,11.0,,,,,,,,,,,,,,,,,,,,,,,,,,,,,
24/05/2010,123.0,17.0,83.0,17.0,54.0,2.0,33.0,59.0,46.0,18.0,87.0,37.0,26.0,145.0,18.0,3.0,42.0,7.0,141.0,30.0,,,,,,,,,,,,,,,,,,,,,,,,,,,,,
31/05/2010,151.0,84.0,135.0,11.0,68.0,49.0,99.0,97.0,68.0,35.0,78.0,52.0,41.0,221.0,36.0,8.0,46.0,8.0,126.0,31.0,,,,,,,,,,,,,,,,,,,,,,,,,,,,,
07/06/2010,150.0,74.0,94.0,8.0,48.0,36.0,46.0,70.0,49.0,28.0,120.0,52.0,17.0,205.0,55.0,3.0,39.0,9.0,102.0,13.0,,,,,,,,,,,,,,,,,,,,,,,,,,,,,
14/06/2010,169.0,66.0,57.0,25.0,44.0,33.0,77.0,104.0,21.0,24.0,84.0,80.0,21.0,168.0,35.0,9.0,61.0,4.0,97.0,26.0,,,,,,,,,,,,,,,,,,,,,,,,,,,,,
21/06/2010,154.0,42.0,31.0,17.0,70.0,32.0,72.0,42.0,61.0,50.0,103.0,54.0,8.0,253.0,48.0,61.0,39.0,5.0,120.0,50.0,,,,,,,,,,,,,,,,,,,,,,,,,,,,,
28/06/2010,68.0,25.0,43.0,12.0,24.0,29.0,36.0,35.0,23.0,7.0,44.0,20.0,15.0,97.0,26.0,8.0,19.0,7.0,43.0,11.0,,,,,,,,,,,,,,,,,,,,,,,,,,,,,
05/07/2010,93.0,44.0,48.0,21.0,51.0,13.0,29.0,54.0,21.0,20.0,71.0,20.0,8.0,70.0,37.0,40.0,23.0,7.0,50.0,24.0,,,,,,,,,,,,,,,,,,,,,,,,,,,,,
12/07/2010,74.0,34.0,16.0,8.0,26.0,11.0,49.0,48.0,7.0,12.0,19.0,18.0,3.0,56.0,31.0,10.0,4.0,4.0,33.0,6.0,,,,,,,,,,,,,,,,,,,,,,,,,,,,,
19/07/2010,56.0,16.0,6.0,4.0,8.0,3.0,13.0,24.0,12.0,1.0,16.0,2.0,4.0,37.0,12.0,9.0,17.0,10.0,40.0,9.0,,,,,,,,,,,,,,,,,,,,,,,,,,,,,
26/07/2010,35.0,19.0,6.0,2.0,12.0,16.0,3.0,21.0,9.0,4.0,10.0,1.0,2.0,26.0,19.0,9.0,7.0,2.0,33.0,5.0,,,,,,,,,,,,,,,,,,,,,,,,,,,,,
02/08/2010,24.0,3.0,3.0,2.0,6.0,6.0,3.0,10.0,4.0,0.0,7.0,3.0,3.0,7.0,2.0,1.0,7.0,0.0,5.0,6.0,,,,,,,,,,,,,,,,,,,,,,,,,,,,,
09/08/2010,,2.0,4.0,0.0,7.0,4.0,10.0,5.0,3.0,0.0,8.0,2.0,7.0,8.0,12.0,1.0,0.0,0.0,12.0,3.0,,,,,,,,,,,,,,,,,,,,,,,,,,,,,
16/08/2010,35.0,7.0,4.0,2.0,5.0,15.0,4.0,1.0,3.0,1.0,5.0,2.0,1.0,4.0,6.0,0.0,0.0,1.0,4.0,4.0,,,,,,,,,,,,,,,,,,,,,,,,,,,,,
23/08/2010,11.0,1.0,0.0,5.0,13.0,0.0,1.0,0.0,0.0,2.0,8.0,3.0,1.0,1.0,1.0,1.0,2.0,0.0,4.0,6.0,,,,,,,,,,,,,,,,,,,,,,,,,,,,,
30/08/2010,22.0,0.0,2.0,1.0,6.0,1.0,2.0,1.0,1.0,0.0,3.0,0.0,2.0,8.0,4.0,1.0,3.0,2.0,0.0,3.0,,,,,,,,,,,,,,,,,,,,,,,,,,,,,
06/09/2010,8.0,1.0,1.0,1.0,1.0,0.0,1.0,0.0,3.0,0.0,2.0,2.0,2.0,6.0,4.0,0.0,4.0,0.0,2.0,4.0,,,,,,,,,,,,,,,,,,,,,,,,,,,,,
13/09/2010,5.0,2.0,1.0,1.0,4.0,2.0,3.0,0.0,3.0,2.0,2.0,0.0,2.0,3.0,3.0,4.0,0.0,6.0,0.0,0.0,,,,,,,,,,,,,,,,,,,,,,,,,,,,,
20/09/2010,23.0,0.0,13.0,2.0,2.0,1.0,2.0,2.0,0.0,1.0,6.0,1.0,1.0,12.0,5.0,2.0,2.0,2.0,3.0,18.0,,,,,,,,,,,,,,,,,,,,,,,,,,,,,
27/09/2010,27.0,10.0,4.0,3.0,1.0,8.0,0.0,2.0,2.0,2.0,16.0,3.0,0.0,18.0,7.0,0.0,0.0,15.0,4.0,1.0,,,,,,,,,,,,,,,,,,,,,,,,,,,,,
04/10/2010,33.0,5.0,10.0,5.0,4.0,4.0,2.0,1.0,3.0,8.0,6.0,6.0,2.0,46.0,14.0,1.0,8.0,10.0,8.0,24.0,,,,,,,,,,,,,,,,,,,,,,,,,,,,,
11/10/2010,74.0,9.0,31.0,5.0,8.0,10.0,1.0,2.0,1.0,10.0,42.0,4.0,3.0,36.0,29.0,12.0,14.0,3.0,12.0,11.0,,,,,,,,,,,,,,,,,,,,,,,,,,,,,
18/10/2010,57.0,23.0,3.0,18.0,9.0,5.0,5.0,4.0,1.0,3.0,53.0,19.0,9.0,36.0,24.0,9.0,0.0,12.0,8.0,35.0,,,,,,,,,,,,,,,,,,,,,,,,,,,,,
25/10/2010,95.0,43.0,30.0,45.0,22.0,8.0,4.0,0.0,3.0,2.0,45.0,11.0,1.0,56.0,63.0,5.0,16.0,9.0,15.0,60.0,,,,,,,,,,,,,,,,,,,,,,,,,,,,,
01/11/2010,73.0,16.0,2.0,12.0,7.0,8.0,7.0,3.0,15.0,20.0,43.0,18.0,8.0,58.0,20.0,3.0,3.0,23.0,8.0,29.0,,,,,,,,,,,,,,,,,,,,,,,,,,,,,
08/11/2010,171.0,44.0,25.0,36.0,32.0,20.0,5.0,3.0,36.0,26.0,65.0,23.0,22.0,108.0,67.0,6.0,3.0,9.0,20.0,33.0,,,,,,,,,,,,,,,,,,,,,,,,,,,,,
15/11/2010,206.0,28.0,24.0,30.0,25.0,3.0,17.0,5.0,28.0,12.0,65.0,23.0,5.0,75.0,33.0,6.0,55.0,51.0,39.0,75.0,,,,,,,,,,,,,,,,,,,,,,,,,,,,,
22/11/2010,144.0,29.0,14.0,61.0,35.0,31.0,12.0,8.0,10.0,32.0,79.0,8.0,13.0,118.0,26.0,2.0,13.0,20.0,25.0,31.0,,,,,,,,,,,,,,,,,,,,,,,,,,,,,
29/11/2010,155.0,18.0,49.0,86.0,15.0,37.0,24.0,4.0,26.0,10.0,55.0,27.0,12.0,85.0,38.0,26.0,39.0,30.0,43.0,22.0,,,,,,,,,,,,,,,,,,,,,,,,,,,,,
06/12/2010,191.0,52.0,49.0,24.0,25.0,26.0,6.0,17.0,20.0,18.0,98.0,30.0,16.0,115.0,15.0,15.0,12.0,41.0,91.0,49.0,,,,,,,,,,,,,,,,,,,,,,,,,,,,,
13/12/2010,125.0,45.0,54.0,46.0,20.0,44.0,10.0,26.0,45.0,13.0,97.0,23.0,17.0,114.0,12.0,28.0,17.0,20.0,63.0,35.0,,,,,,,,,,,,,,,,,,,,,,,,,,,,,
20/12/2010,157.0,36.0,24.0,78.0,53.0,28.0,24.0,8.0,15.0,10.0,94.0,19.0,11.0,74.0,20.0,18.0,34.0,7.0,45.0,58.0,,,,,,,,,,,,,,,,,,,,,,,,,,,,,
27/12/2010,121.0,41.0,20.0,28.0,36.0,13.0,35.0,20.0,26.0,10.0,105.0,42.0,8.0,93.0,11.0,42.0,9.0,7.0,104.0,71.0,,,,,,,,,,,,,,,,,,,,,,,,,,,,,
03/01/2011,59.0,35.0,35.0,26.0,25.0,16.0,30.0,38.0,25.0,7.0,68.0,18.0,29.0,155.0,4.0,17.0,1.0,27.0,68.0,16.0,,,,,,,,,,,,,,,,,,,,,,,,,,,,,
10/01/2011,333.0,38.0,41.0,149.0,93.0,72.0,26.0,52.0,35.0,22.0,90.0,63.0,13.0,240.0,27.0,14.0,32.0,115.0,55.0,86.0,,,,,,,,,,,,,,,,,,,,,,,,,,,,,
17/01/2011,,18.0,15.0,95.0,66.0,24.0,29.0,27.0,25.0,5.0,152.0,55.0,19.0,86.0,13.0,67.0,7.0,3.0,38.0,56.0,,,,,,,,,,,,,,,,,,,,,,,,,,,,,
24/01/2011,208.0,51.0,28.0,34.0,65.0,65.0,22.0,86.0,34.0,6.0,107.0,39.0,9.0,93.0,22.0,52.0,38.0,50.0,70.0,41.0,,,,,,,,,,,,,,,,,,,,,,,,,,,,,
31/01/2011,174.0,31.0,23.0,76.0,61.0,24.0,20.0,57.0,28.0,17.0,67.0,24.0,11.0,108.0,15.0,40.0,8.0,27.0,60.0,43.0,,,,,,,,,,,,,,,,,,,,,,,,,,,,,
07/02/2011,128.0,28.0,31.0,47.0,79.0,42.0,64.0,76.0,43.0,8.0,101.0,34.0,18.0,145.0,28.0,62.0,41.0,44.0,69.0,21.0,,,,,,,,,,,,,,,,,,,,,,,,,,,,,
14/02/2011,190.0,53.0,17.0,76.0,63.0,58.0,41.0,42.0,46.0,41.0,136.0,41.0,5.0,77.0,16.0,38.0,43.0,9.0,88.0,46.0,,,,,,,,,,,,,,,,,,,,,,,,,,,,,
21/02/2011,228.0,46.0,32.0,102.0,164.0,72.0,54.0,67.0,55.0,22.0,82.0,61.0,14.0,189.0,24.0,102.0,43.0,30.0,98.0,35.0,,,,,,,,,,,,,,,,,,,,,,,,,,,,,
28/02/2011,149.0,37.0,46.0,44.0,93.0,53.0,69.0,41.0,24.0,30.0,135.0,28.0,4.0,142.0,26.0,48.0,47.0,10.0,42.0,46.0,,,,,,,,,,,,,,,,,,,,,,,,,,,,,
07/03/2011,181.0,43.0,45.0,55.0,173.0,10.0,57.0,63.0,47.0,38.0,161.0,51.0,6.0,140.0,41.0,125.0,39.0,34.0,132.0,35.0,,,,,,,,,,,,,,,,,,,,,,,,,,,,,
14/03/2011,131.0,51.0,24.0,37.0,95.0,36.0,61.0,51.0,59.0,25.0,112.0,55.0,6.0,120.0,43.0,56.0,11.0,31.0,153.0,42.0,,,,,,,,,,,,,,,,,,,,,,,,,,,,,
21/03/2011,227.0,58.0,29.0,43.0,192.0,22.0,73.0,48.0,56.0,82.0,106.0,74.0,29.0,312.0,82.0,184.0,53.0,17.0,90.0,43.0,,,,,,,,,,,,,,,,,,,,,,,,,,,,,
28/03/2011,158.0,38.0,19.0,54.0,144.0,150.0,96.0,38.0,58.0,57.0,89.0,28.0,2.0,199.0,37.0,97.0,36.0,25.0,75.0,49.0,,,,,,,,,,,,,,,,,,,,,,,,,,,,,
04/04/2011,168.0,37.0,34.0,42.0,171.0,133.0,67.0,60.0,62.0,63.0,87.0,52.0,7.0,143.0,45.0,66.0,14.0,14.0,116.0,41.0,,,,,,,,,,,,,,,,,,,,,,,,,,,,,
11/04/2011,181.0,53.0,48.0,38.0,109.0,78.0,114.0,55.0,83.0,57.0,79.0,39.0,10.0,145.0,57.0,88.0,13.0,27.0,74.0,54.0,,,,,,,,,,,,,,,,,,,,,,,,,,,,,
18/04/2011,138.0,41.0,28.0,37.0,72.0,14.0,54.0,60.0,92.0,30.0,58.0,37.0,2.0,106.0,41.0,40.0,33.0,2.0,73.0,22.0,,,,,,,,,,,,,,,,,,,,,,,,,,,,,
25/04/2011,129.0,28.0,45.0,73.0,75.0,25.0,51.0,50.0,49.0,38.0,47.0,20.0,3.0,195.0,31.0,33.0,8.0,11.0,74.0,18.0,,,,,,,,,,,,,,,,,,,,,,,,,,,,,
02/05/2011,161.0,49.0,87.0,33.0,158.0,54.0,92.0,51.0,153.0,47.0,79.0,52.0,2.0,149.0,46.0,167.0,15.0,11.0,85.0,65.0,,,,,,,,,,,,,,,,,,,,,,,,,,,,,
09/05/2011,121.0,17.0,71.0,53.0,101.0,71.0,58.0,60.0,119.0,90.0,62.0,18.0,9.0,172.0,21.0,128.0,22.0,14.0,102.0,32.0,,,,,,,,,,,,,,,,,,,,,,,,,,,,,
16/05/2011,128.0,55.0,101.0,31.0,109.0,95.0,71.0,52.0,69.0,60.0,57.0,47.0,35.0,152.0,31.0,100.0,7.0,2.0,100.0,40.0,,,,,,,,,,,,,,,,,,,,,,,,,,,,,
23/05/2011,150.0,8.0,71.0,49.0,132.0,74.0,42.0,50.0,138.0,95.0,42.0,64.0,3.0,152.0,23.0,72.0,21.0,5.0,104.0,44.0,,,,,,,,,,,,,,,,,,,,,,,,,,,,,
30/05/2011,146.0,62.0,86.0,33.0,127.0,39.0,73.0,34.0,124.0,120.0,41.0,42.0,44.0,141.0,44.0,54.0,44.0,6.0,85.0,45.0,,,,,,,,,,,,,,,,,,,,,,,,,,,,,
06/06/2011,115.0,29.0,64.0,45.0,118.0,48.0,56.0,25.0,108.0,97.0,46.0,38.0,27.0,93.0,23.0,52.0,39.0,8.0,72.0,26.0,,,,,,,,,,,,,,,,,,,,,,,,,,,,,
13/06/2011,120.0,38.0,46.0,47.0,64.0,52.0,42.0,19.0,38.0,82.0,43.0,23.0,20.0,68.0,16.0,48.0,34.0,9.0,60.0,19.0,,,,,,,,,,,,,,,,,,,,,,,,,,,,,
20/06/2011,140.0,21.0,46.0,37.0,89.0,24.0,53.0,23.0,92.0,57.0,57.0,33.0,4.0,95.0,16.0,40.0,12.0,10.0,50.0,28.0,,,,,,,,,,,,,,,,,,,,,,,,,,,,,
27/06/2011,73.0,23.0,51.0,7.0,36.0,95.0,22.0,21.0,36.0,37.0,12.0,21.0,12.0,61.0,18.0,19.0,5.0,3.0,39.0,37.0,,,,,,,,,,,,,,,,,,,,,,,,,,,,,
04/07/2011,91.0,10.0,42.0,7.0,31.0,27.0,35.0,28.0,21.0,39.0,11.0,14.0,3.0,103.0,23.0,67.0,26.0,24.0,37.0,6.0,,,,,,,,,,,,,,,,,,,,,,,,,,,,,
11/07/2011,71.0,3.0,16.0,5.0,35.0,17.0,21.0,23.0,24.0,21.0,8.0,14.0,5.0,65.0,7.0,11.0,0.0,0.0,16.0,15.0,,,,,,,,,,,,,,,,,,,,,,,,,,,,,
18/07/2011,61.0,1.0,10.0,2.0,27.0,8.0,15.0,14.0,20.0,43.0,9.0,11.0,4.0,16.0,14.0,4.0,5.0,4.0,33.0,9.0,,,,,,,,,,,,,,,,,,,,,,,,,,,,,
25/07/2011,19.0,11.0,8.0,0.0,26.0,1.0,6.0,4.0,6.0,24.0,14.0,6.0,3.0,21.0,10.0,5.0,0.0,1.0,9.0,15.0,,,,,,,,,,,,,,,,,,,,,,,,,,,,,
01/08/2011,16.0,2.0,5.0,0.0,8.0,4.0,4.0,6.0,15.0,12.0,1.0,2.0,2.0,6.0,4.0,4.0,1.0,1.0,13.0,5.0,,,,,,,,,,,,,,,,,,,,,,,,,,,,,
08/08/2011,11.0,0.0,3.0,1.0,5.0,28.0,5.0,4.0,19.0,21.0,2.0,2.0,2.0,11.0,2.0,3.0,1.0,1.0,5.0,2.0,,,,,,,,,,,,,,,,,,,,,,,,,,,,,
15/08/2011,17.0,4.0,0.0,0.0,4.0,13.0,0.0,3.0,6.0,8.0,5.0,2.0,5.0,6.0,4.0,2.0,0.0,1.0,3.0,0.0,,,,,,,,,,,,,,,,,,,,,,,,,,,,,
22/08/2011,14.0,1.0,1.0,2.0,5.0,23.0,2.0,3.0,12.0,6.0,3.0,3.0,1.0,7.0,0.0,9.0,1.0,5.0,5.0,1.0,,,,,,,,,,,,,,,,,,,,,,,,,,,,,
29/08/2011,13.0,0.0,1.0,1.0,10.0,2.0,0.0,3.0,1.0,6.0,0.0,1.0,0.0,3.0,1.0,1.0,0.0,1.0,6.0,4.0,,,,,,,,,,,,,,,,,,,,,,,,,,,,,
05/09/2011,22.0,1.0,0.0,1.0,8.0,1.0,0.0,4.0,12.0,2.0,1.0,2.0,9.0,4.0,0.0,0.0,0.0,0.0,1.0,1.0,,,,,,,,,,,,,,,,,,,,,,,,,,,,,
12/09/2011,42.0,0.0,2.0,1.0,2.0,2.0,0.0,1.0,2.0,4.0,2.0,3.0,1.0,6.0,2.0,3.0,4.0,5.0,3.0,0.0,,,,,,,,,,,,,,,,,,,,,,,,,,,,,
19/09/2011,4.0,3.0,1.0,2.0,8.0,3.0,1.0,3.0,0.0,5.0,3.0,3.0,10.0,6.0,0.0,6.0,3.0,5.0,2.0,6.0,,,,,,,,,,,,,,,,,,,,,,,,,,,,,
26/09/2011,18.0,5.0,1.0,2.0,8.0,4.0,7.0,1.0,4.0,8.0,1.0,2.0,2.0,10.0,2.0,7.0,0.0,2.0,2.0,4.0,,,,,,,,,,,,,,,,,,,,,,,,,,,,,
03/10/2011,6.0,5.0,3.0,0.0,11.0,32.0,10.0,13.0,8.0,9.0,4.0,14.0,16.0,11.0,0.0,2.0,4.0,9.0,1.0,0.0,,,,,,,,,,,,,,,,,,,,,,,,,,,,,
10/10/2011,10.0,7.0,4.0,2.0,15.0,2.0,9.0,12.0,4.0,6.0,2.0,13.0,10.0,15.0,1.0,9.0,2.0,6.0,5.0,0.0,,,,,,,,,,,,,,,,,,,,,,,,,,,,,
17/10/2011,60.0,9.0,9.0,7.0,12.0,16.0,17.0,18.0,5.0,19.0,1.0,19.0,3.0,29.0,1.0,19.0,3.0,7.0,1.0,5.0,,,,,,,,,,,,,,,,,,,,,,,,,,,,,
24/10/2011,103.0,2.0,11.0,1.0,10.0,71.0,16.0,22.0,24.0,7.0,1.0,18.0,25.0,17.0,9.0,16.0,2.0,72.0,2.0,4.0,,,,,,,,,,,,,,,,,,,,,,,,,,,,,
31/10/2011,31.0,10.0,11.0,3.0,25.0,8.0,2.0,24.0,12.0,42.0,5.0,19.0,3.0,12.0,5.0,3.0,3.0,4.0,0.0,7.0,,,,,,,,,,,,,,,,,,,,,,,,,,,,,
07/11/2011,,2.0,11.0,1.0,10.0,71.0,16.0,22.0,24.0,7.0,1.0,18.0,25.0,17.0,9.0,16.0,2.0,72.0,2.0,4.0,,,,,,,,,,,,,,,,,,,,,,,,,,,,,
14/11/2011,44.0,12.0,22.0,0.0,7.0,88.0,17.0,68.0,35.0,15.0,16.0,22.0,32.0,33.0,18.0,26.0,12.0,4.0,8.0,0.0,,,,,,,,,,,,,,,,,,,,,,,,,,,,,
21/11/2011,91.0,16.0,42.0,28.0,41.0,50.0,17.0,36.0,41.0,37.0,0.0,25.0,16.0,71.0,17.0,2.0,5.0,5.0,10.0,6.0,,,,,,,,,,,,,,,,,,,,,,,,,,,,,
28/11/2011,83.0,16.0,28.0,5.0,52.0,24.0,12.0,44.0,22.0,47.0,12.0,27.0,24.0,64.0,36.0,19.0,12.0,21.0,12.0,12.0,,,,,,,,,,,,,,,,,,,,,,,,,,,,,
05/12/2011,111.0,30.0,63.0,12.0,44.0,5.0,12.0,31.0,19.0,33.0,21.0,12.0,35.0,66.0,31.0,83.0,2.0,30.0,15.0,33.0,,,,,,,,,,,,,,,,,,,,,,,,,,,,,
12/12/2011,91.0,40.0,86.0,19.0,31.0,15.0,40.0,50.0,17.0,29.0,25.0,20.0,58.0,100.0,22.0,41.0,8.0,30.0,20.0,12.0,,,,,,,,,,,,,,,,,,,,,,,,,,,,,
19/12/2011,163.0,42.0,41.0,11.0,86.0,7.0,20.0,27.0,32.0,58.0,28.0,12.0,43.0,92.0,85.0,36.0,4.0,23.0,82.0,69.0,,,,,,,,,,,,,,,,,,,,,,,,,,,,,
26/12/2011,28.0,52.0,32.0,1.0,81.0,27.0,68.0,27.0,39.0,37.0,27.0,19.0,62.0,53.0,16.0,16.0,1.0,28.0,14.0,46.0,,,,,,,,,,,,,,,,,,,,,,,,,,,,,
02/01/2012,106.0,36.0,140.0,12.0,77.0,20.0,36.0,73.0,41.0,87.0,39.0,34.0,45.0,179.0,85.0,12.0,4.0,63.0,63.0,29.0,,,,,,,,,,,,,,,,,,,,,,,,,,,,,
09/01/2012,291.0,41.0,86.0,11.0,248.0,20.0,101.0,64.0,72.0,66.0,39.0,27.0,38.0,118.0,41.0,13.0,3.0,50.0,30.0,23.0,,,,,,,,,,,,,,,,,,,,,,,,,,,,,
16/01/2012,185.0,91.0,41.0,11.0,36.0,2.0,21.0,124.0,20.0,43.0,19.0,31.0,45.0,184.0,27.0,20.0,2.0,5.0,61.0,3.0,,,,,,,,,,,,,,,,,,,,,,,,,,,,,
23/01/2012,197.0,48.0,44.0,16.0,218.0,157.0,46.0,75.0,30.0,41.0,18.0,8.0,88.0,114.0,40.0,21.0,2.0,55.0,66.0,36.0,,,,,,,,,,,,,,,,,,,,,,,,,,,,,
30/01/2012,147.0,18.0,61.0,8.0,58.0,53.0,63.0,38.0,32.0,23.0,26.0,24.0,30.0,96.0,47.0,15.0,6.0,31.0,32.0,12.0,,,,,,,,,,,,,,,,,,,,,,,,,,,,,
06/02/2012,192.0,29.0,38.0,16.0,55.0,37.0,56.0,69.0,43.0,43.0,13.0,39.0,76.0,144.0,30.0,11.0,8.0,36.0,90.0,216.0,,,,,,,,,,,,,,,,,,,,,,,,,,,,,
13/02/2012,190.0,37.0,121.0,7.0,113.0,41.0,92.0,53.0,25.0,104.0,13.0,18.0,30.0,100.0,53.0,15.0,2.0,44.0,73.0,12.0,,,,,,,,,,,,,,,,,,,,,,,,,,,,,
20/02/2012,147.0,20.0,66.0,4.0,122.0,29.0,64.0,68.0,58.0,66.0,29.0,42.0,52.0,170.0,36.0,23.0,1.0,39.0,65.0,22.0,,,,,,,,,,,,,,,,,,,,,,,,,,,,,
27/02/2012,131.0,37.0,69.0,3.0,59.0,42.0,104.0,44.0,46.0,50.0,12.0,35.0,65.0,98.0,45.0,3.0,0.0,51.0,45.0,15.0,,,,,,,,,,,,,,,,,,,,,,,,,,,,,
05/03/2012,149.0,43.0,47.0,1.0,66.0,17.0,60.0,68.0,49.0,27.0,13.0,34.0,41.0,98.0,24.0,16.0,6.0,59.0,36.0,24.0,,,,,,,,,,,,,,,,,,,,,,,,,,,,,
12/03/2012,99.0,6.0,16.0,7.0,46.0,9.0,68.0,63.0,19.0,23.0,22.0,24.0,15.0,98.0,25.0,0.0,0.0,47.0,46.0,23.0,,,,,,,,,,,,,,,,,,,,,,,,,,,,,
19/03/2012,,38.0,119.0,6.0,124.0,74.0,116.0,69.0,95.0,87.0,10.0,22.0,76.0,86.0,84.0,31.0,2.0,39.0,67.0,28.0,,,,,,,,,,,,,,,,,,,,,,,,,,,,,
26/03/2012,146.0,28.0,49.0,3.0,74.0,40.0,83.0,86.0,60.0,39.0,22.0,59.0,22.0,89.0,46.0,47.0,1.0,48.0,57.0,7.0,,,,,,,,,,,,,,,,,,,,,,,,,,,,,
02/04/2012,182.0,21.0,67.0,3.0,73.0,81.0,64.0,46.0,45.0,55.0,13.0,18.0,27.0,77.0,56.0,7.0,15.0,27.0,45.0,8.0,,,,,,,,,,,,,,,,,,,,,,,,,,,,,
09/04/2012,68.0,14.0,50.0,2.0,8.0,48.0,41.0,140.0,50.0,25.0,14.0,16.0,22.0,91.0,17.0,27.0,10.0,35.0,24.0,26.0,,,,,,,,,,,,,,,,,,,,,,,,,,,,,
16/04/2012,180.0,27.0,90.0,15.0,134.0,39.0,79.0,76.0,41.0,76.0,27.0,23.0,20.0,107.0,38.0,67.0,13.0,43.0,52.0,21.0,,,,,,,,,,,,,,,,,,,,,,,,,,,,,
23/04/2012,142.0,24.0,31.0,5.0,88.0,41.0,79.0,48.0,41.0,71.0,10.0,12.0,21.0,86.0,28.0,45.0,4.0,23.0,23.0,41.0,,,,,,,,,,,,,,,,,,,,,,,,,,,,,
30/04/2012,80.0,2.0,26.0,2.0,33.0,3.0,43.0,68.0,35.0,17.0,14.0,13.0,2.0,32.0,21.0,7.0,2.0,14.0,42.0,2.0,,,,,,,,,,,,,,,,,,,,,,,,,,,,,
07/05/2012,194.0,11.0,77.0,8.0,81.0,40.0,104.0,81.0,65.0,19.0,58.0,28.0,37.0,70.0,84.0,74.0,19.0,56.0,48.0,39.0,,,,,,,,,,,,,,,,,,,,,,,,,,,,,
14/05/2012,286.0,16.0,77.0,14.0,26.0,34.0,67.0,79.0,87.0,32.0,15.0,29.0,14.0,131.0,53.0,41.0,2.0,26.0,39.0,12.0,,,,,,,,,,,,,,,,,,,,,,,,,,,,,
21/05/2012,129.0,11.0,49.0,21.0,26.0,18.0,119.0,102.0,53.0,44.0,45.0,33.0,22.0,104.0,60.0,23.0,25.0,18.0,23.0,13.0,,,,,,,,,,,,,,,,,,,,,,,,,,,,,
28/05/2012,,2.0,43.0,8.0,150.0,9.0,60.0,82.0,51.0,12.0,14.0,7.0,14.0,131.0,56.0,36.0,10.0,18.0,36.0,10.0,,,,,,,,,,,,,,,,,,,,,,,,,,,,,
04/06/2012,199.0,16.0,127.0,3.0,128.0,22.0,64.0,84.0,105.0,19.0,48.0,45.0,20.0,93.0,40.0,48.0,12.0,37.0,34.0,4.0,,,,,,,,,,,,,,,,,,,,,,,,,,,,,
11/06/2012,120.0,7.0,53.0,3.0,105.0,17.0,52.0,65.0,49.0,52.0,40.0,12.0,36.0,140.0,40.0,15.0,6.0,58.0,29.0,20.0,,,,,,,,,,,,,,,,,,,,,,,,,,,,,
18/06/2012,151.0,7.0,34.0,9.0,161.0,21.0,72.0,68.0,52.0,54.0,38.0,25.0,8.0,113.0,32.0,13.0,8.0,44.0,33.0,6.0,,,,,,,,,,,,,,,,,,,,,,,,,,,,,
25/06/2012,88.0,11.0,26.0,3.0,127.0,7.0,23.0,64.0,67.0,22.0,10.0,5.0,36.0,38.0,32.0,56.0,13.0,5.0,20.0,10.0,,,,,,,,,,,,,,,,,,,,,,,,,,,,,
02/07/2012,87.0,14.0,53.0,5.0,34.0,10.0,61.0,45.0,37.0,12.0,13.0,19.0,9.0,107.0,26.0,4.0,11.0,29.0,24.0,2.0,,,,,,,,,,,,,,,,,,,,,,,,,,,,,
09/07/2012,67.0,7.0,40.0,2.0,75.0,6.0,16.0,34.0,20.0,9.0,14.0,9.0,4.0,113.0,11.0,32.0,1.0,38.0,6.0,8.0,,,,,,,,,,,,,,,,,,,,,,,,,,,,,
16/07/2012,52.0,11.0,39.0,12.0,28.0,7.0,18.0,16.0,8.0,4.0,36.0,3.0,13.0,31.0,7.0,13.0,2.0,4.0,8.0,4.0,,,,,,,,,,,,,,,,,,,,,,,,,,,,,
23/07/2012,65.0,2.0,11.0,9.0,19.0,3.0,2.0,6.0,24.0,7.0,1.0,2.0,1.0,24.0,7.0,9.0,0.0,27.0,10.0,1.0,,,,,,,,,,,,,,,,,,,,,,,,,,,,,
30/07/2012,6.0,6.0,7.0,20.0,8.0,1.0,5.0,6.0,11.0,1.0,4.0,1.0,3.0,30.0,3.0,9.0,0.0,0.0,2.0,2.0,,,,,,,,,,,,,,,,,,,,,,,,,,,,,
06/08/2012,,2.0,0.0,6.0,4.0,0.0,3.0,2.0,3.0,2.0,5.0,3.0,0.0,8.0,1.0,3.0,1.0,11.0,2.0,1.0,,,,,,,,,,,,,,,,,,,,,,,,,,,,,
13/08/2012,18.0,0.0,6.0,9.0,14.0,12.0,3.0,1.0,0.0,3.0,6.0,1.0,2.0,9.0,5.0,2.0,1.0,2.0,1.0,4.0,,,,,,,,,,,,,,,,,,,,,,,,,,,,,
20/08/2012,3.0,0.0,4.0,0.0,2.0,0.0,1.0,5.0,0.0,0.0,3.0,0.0,1.0,7.0,0.0,1.0,0.0,0.0,0.0,0.0,,,,,,,,,,,,,,,,,,,,,,,,,,,,,
27/08/2012,0.0,0.0,0.0,1.0,3.0,0.0,0.0,3.0,1.0,0.0,4.0,0.0,0.0,3.0,0.0,6.0,0.0,8.0,0.0,4.0,,,,,,,,,,,,,,,,,,,,,,,,,,,,,
03/09/2012,13.0,4.0,0.0,6.0,6.0,0.0,4.0,2.0,21.0,1.0,3.0,1.0,0.0,12.0,7.0,1.0,1.0,2.0,3.0,0.0,,,,,,,,,,,,,,,,,,,,,,,,,,,,,
10/09/2012,9.0,1.0,8.0,1.0,11.0,0.0,0.0,1.0,0.0,0.0,1.0,2.0,2.0,11.0,0.0,1.0,2.0,1.0,2.0,2.0,,,,,,,,,,,,,,,,,,,,,,,,,,,,,
17/09/2012,4.0,3.0,5.0,0.0,7.0,1.0,3.0,6.0,1.0,8.0,2.0,0.0,11.0,8.0,1.0,1.0,3.0,4.0,1.0,0.0,,,,,,,,,,,,,,,,,,,,,,,,,,,,,
24/09/2012,8.0,2.0,0.0,2.0,5.0,0.0,0.0,8.0,1.0,17.0,0.0,3.0,1.0,5.0,1.0,2.0,2.0,1.0,2.0,0.0,,,,,,,,,,,,,,,,,,,,,,,,,,,,,
01/10/2012,12.0,12.0,12.0,0.0,17.0,0.0,18.0,4.0,0.0,1.0,3.0,5.0,0.0,18.0,2.0,0.0,1.0,0.0,1.0,1.0,,,,,,,,,,,,,,,,,,,,,,,,,,,,,
08/10/2012,13.0,12.0,0.0,3.0,13.0,0.0,5.0,6.0,10.0,1.0,2.0,1.0,0.0,12.0,1.0,26.0,8.0,0.0,3.0,0.0,,,,,,,,,,,,,,,,,,,,,,,,,,,,,
15/10/2012,31.0,11.0,7.0,10.0,19.0,16.0,30.0,21.0,10.0,8.0,10.0,1.0,0.0,23.0,0.0,4.0,2.0,1.0,0.0,1.0,,,,,,,,,,,,,,,,,,,,,,,,,,,,,
22/10/2012,35.0,11.0,8.0,30.0,18.0,8.0,12.0,13.0,11.0,0.0,1.0,12.0,37.0,16.0,2.0,14.0,11.0,0.0,13.0,7.0,,,,,,,,,,,,,,,,,,,,,,,,,,,,,
29/10/2012,8.0,3.0,1.0,21.0,44.0,0.0,3.0,13.0,7.0,4.0,1.0,6.0,26.0,44.0,2.0,9.0,4.0,2.0,2.0,1.0,,,,,,,,,,,,,,,,,,,,,,,,,,,,,
05/11/2012,,9.0,9.0,32.0,13.0,19.0,38.0,21.0,7.0,0.0,28.0,18.0,68.0,44.0,14.0,35.0,7.0,3.0,30.0,6.0,,,,,,,,,,,,,,,,,,,,,,,,,,,,,
12/11/2012,77.0,12.0,4.0,34.0,56.0,31.0,12.0,30.0,10.0,20.0,43.0,10.0,30.0,72.0,9.0,22.0,20.0,11.0,9.0,2.0,,,,,,,,,,,,,,,,,,,,,,,,,,,,,
19/11/2012,21.0,8.0,3.0,25.0,55.0,8.0,16.0,12.0,8.0,2.0,15.0,14.0,26.0,54.0,16.0,2.0,8.0,3.0,14.0,8.0,,,,,,,,,,,,,,,,,,,,,,,,,,,,,
26/11/2012,104.0,14.0,6.0,59.0,84.0,1.0,25.0,39.0,43.0,24.0,46.0,12.0,47.0,65.0,15.0,10.0,19.0,10.0,24.0,40.0,,,,,,,,,,,,,,,,,,,,,,,,,,,,,
03/12/2012,105.0,9.0,8.0,24.0,20.0,28.0,14.0,19.0,31.0,20.0,15.0,9.0,21.0,69.0,54.0,23.0,26.0,1.0,6.0,11.0,,,,,,,,,,,,,,,,,,,,,,,,,,,,,
10/12/2012,92.0,18.0,18.0,54.0,13.0,47.0,45.0,55.0,66.0,2.0,47.0,12.0,13.0,107.0,14.0,12.0,12.0,3.0,49.0,16.0,,,,,,,,,,,,,,,,,,,,,,,,,,,,,
17/12/2012,192.0,37.0,18.0,22.0,122.0,8.0,19.0,20.0,58.0,3.0,13.0,1.0,13.0,90.0,17.0,15.0,20.0,3.0,21.0,1.0,,,,,,,,,,,,,,,,,,,,,,,,,,,,,
24/12/2012,2.0,11.0,6.0,25.0,2.0,24.0,15.0,22.0,41.0,0.0,20.0,8.0,0.0,9.0,43.0,3.0,27.0,4.0,31.0,18.0,,,,,,,,,,,,,,,,,,,,,,,,,,,,,
31/12/2012,67.0,47.0,7.0,35.0,77.0,0.0,15.0,47.0,120.0,28.0,25.0,0.0,22.0,129.0,66.0,65.0,32.0,5.0,44.0,0.0,,,,,,,,,,,,,,,,,,,,,,,,,,,,,
07/01/2013,283.0,34.0,8.0,61.0,156.0,57.0,92.0,93.0,115.0,17.0,35.0,21.0,28.0,156.0,89.0,45.0,48.0,19.0,68.0,5.0,,,,,,,,,,,,,,,,,,,,,,,,,,,,,
14/01/2013,135.0,54.0,28.0,22.0,50.0,1.0,22.0,40.0,113.0,28.0,74.0,14.0,58.0,240.0,33.0,13.0,31.0,30.0,55.0,16.0,,,,,,,,,,,,,,,,,,,,,,,,,,,,,
21/01/2013,129.0,22.0,5.0,20.0,47.0,47.0,36.0,56.0,74.0,9.0,60.0,3.0,35.0,190.0,48.0,7.0,54.0,9.0,60.0,19.0,,,,,,,,,,,,,,,,,,,,,,,,,,,,,
28/01/2013,203.0,34.0,20.0,46.0,84.0,67.0,29.0,36.0,107.0,44.0,48.0,11.0,33.0,166.0,31.0,7.0,50.0,35.0,53.0,1.0,,,,,,,,,,,,,,,,,,,,,,,,,,,,,
04/02/2013,152.0,194.0,6.0,23.0,90.0,55.0,27.0,40.0,39.0,25.0,18.0,19.0,76.0,138.0,53.0,3.0,40.0,28.0,42.0,73.0,,,,,,,,,,,,,,,,,,,,,,,,,,,,,
11/02/2013,107.0,66.0,33.0,55.0,63.0,35.0,24.0,31.0,113.0,22.0,35.0,9.0,20.0,128.0,36.0,16.0,13.0,58.0,81.0,2.0,,,,,,,,,,,,,,,,,,,,,,,,,,,,,
18/02/2013,185.0,29.0,13.0,32.0,45.0,12.0,38.0,42.0,51.0,32.0,38.0,2.0,50.0,239.0,35.0,29.0,54.0,27.0,65.0,37.0,,,,,,,,,,,,,,,,,,,,,,,,,,,,,
25/02/2013,110.0,185.0,47.0,39.0,84.0,49.0,18.0,47.0,89.0,29.0,48.0,19.0,38.0,196.0,61.0,30.0,29.0,27.0,65.0,13.0,,,,,,,,,,,,,,,,,,,,,,,,,,,,,
04/03/2013,138.0,51.0,11.0,27.0,53.0,9.0,21.0,31.0,69.0,36.0,51.0,1.0,23.0,108.0,32.0,20.0,90.0,16.0,29.0,23.0,,,,,,,,,,,,,,,,,,,,,,,,,,,,,
11/03/2013,100.0,81.0,39.0,15.0,66.0,1.0,29.0,41.0,62.0,31.0,59.0,0.0,32.0,160.0,86.0,55.0,71.0,13.0,54.0,15.0,,,,,,,,,,,,,,,,,,,,,,,,,,,,,
18/03/2013,228.0,68.0,41.0,65.0,77.0,27.0,23.0,55.0,70.0,28.0,59.0,18.0,51.0,131.0,29.0,7.0,38.0,48.0,43.0,17.0,,,,,,,,,,,,,,,,,,,,,,,,,,,,,
25/03/2013,130.0,110.0,12.0,50.0,107.0,8.0,10.0,38.0,180.0,42.0,90.0,46.0,23.0,331.0,96.0,113.0,119.0,32.0,49.0,6.0,,,,,,,,,,,,,,,,,,,,,,,,,,,,,
01/04/2013,137.0,38.0,22.0,8.0,40.0,57.0,11.0,49.0,39.0,19.0,61.0,11.0,44.0,155.0,106.0,32.0,60.0,21.0,31.0,11.0,,,,,,,,,,,,,,,,,,,,,,,,,,,,,
08/04/2013,235.0,27.0,21.0,13.0,109.0,8.0,23.0,47.0,114.0,69.0,55.0,35.0,28.0,168.0,44.0,32.0,102.0,38.0,62.0,2.0,,,,,,,,,,,,,,,,,,,,,,,,,,,,,
15/04/2013,138.0,27.0,38.0,14.0,83.0,10.0,17.0,42.0,54.0,38.0,78.0,13.0,34.0,137.0,34.0,96.0,131.0,24.0,52.0,17.0,,,,,,,,,,,,,,,,,,,,,,,,,,,,,
22/04/2013,166.0,54.0,31.0,30.0,55.0,18.0,33.0,86.0,34.0,45.0,56.0,34.0,61.0,144.0,25.0,29.0,73.0,73.0,67.0,13.0,,,,,,,,,,,,,,,,,,,,,,,,,,,,,
29/04/2013,122.0,54.0,50.0,43.0,39.0,1.0,34.0,54.0,108.0,37.0,32.0,17.0,30.0,119.0,58.0,47.0,55.0,15.0,40.0,1.0,,,,,,,,,,,,,,,,,,,,,,,,,,,,,
06/05/2013,149.0,80.0,34.0,8.0,139.0,9.0,30.0,54.0,79.0,16.0,64.0,48.0,54.0,126.0,33.0,61.0,99.0,33.0,3.0,3.0,,,,,,,,,,,,,,,,,,,,,,,,,,,,,
13/05/2013,124.0,115.0,40.0,4.0,85.0,70.0,24.0,45.0,47.0,9.0,20.0,28.0,44.0,239.0,50.0,71.0,88.0,46.0,36.0,18.0,,,,,,,,,,,,,,,,,,,,,,,,,,,,,
20/05/2013,,44.0,46.0,5.0,52.0,64.0,40.0,46.0,48.0,11.0,37.0,19.0,49.0,133.0,13.0,38.0,59.0,38.0,24.0,13.0,,,,,,,,,,,,,,,,,,,,,,,,,,,,,
27/05/2013,195.0,67.0,55.0,8.0,59.0,10.0,31.0,48.0,96.0,8.0,30.0,39.0,40.0,140.0,93.0,51.0,31.0,17.0,23.0,9.0,,,,,,,,,,,,,,,,,,,,,,,,,,,,,
03/06/2013,130.0,58.0,12.0,6.0,37.0,1.0,20.0,24.0,57.0,7.0,28.0,9.0,27.0,129.0,73.0,27.0,50.0,39.0,26.0,12.0,,,,,,,,,,,,,,,,,,,,,,,,,,,,,
10/06/2013,126.0,47.0,35.0,28.0,75.0,12.0,31.0,21.0,39.0,10.0,24.0,28.0,53.0,97.0,35.0,75.0,27.0,21.0,32.0,5.0,,,,,,,,,,,,,,,,,,,,,,,,,,,,,
17/06/2013,154.0,105.0,5.0,7.0,42.0,37.0,8.0,40.0,59.0,24.0,50.0,22.0,35.0,121.0,40.0,20.0,15.0,34.0,46.0,19.0,,,,,,,,,,,,,,,,,,,,,,,,,,,,,
24/06/2013,149.0,106.0,37.0,12.0,67.0,78.0,32.0,27.0,65.0,15.0,10.0,8.0,62.0,66.0,52.0,96.0,46.0,21.0,18.0,17.0,,,,,,,,,,,,,,,,,,,,,,,,,,,,,
01/07/2013,106.0,35.0,22.0,70.0,15.0,13.0,17.0,10.0,9.0,4.0,38.0,19.0,32.0,56.0,26.0,44.0,12.0,16.0,25.0,12.0,,,,,,,,,,,,,,,,,,,,,,,,,,,,,
08/07/2013,151.0,30.0,28.0,14.0,54.0,19.0,11.0,30.0,25.0,26.0,11.0,12.0,29.0,42.0,3.0,74.0,8.0,5.0,8.0,18.0,,,,,,,,,,,,,,,,,,,,,,,,,,,,,
15/07/2013,100.0,11.0,22.0,1.0,81.0,1.0,6.0,8.0,61.0,10.0,10.0,13.0,25.0,34.0,10.0,14.0,32.0,11.0,15.0,11.0,,,,,,,,,,,,,,,,,,,,,,,,,,,,,
22/07/2013,91.0,36.0,11.0,8.0,17.0,2.0,1.0,30.0,15.0,14.0,12.0,21.0,25.0,30.0,12.0,24.0,13.0,10.0,3.0,5.0,,,,,,,,,,,,,,,,,,,,,,,,,,,,,
29/07/2013,46.0,84.0,8.0,5.0,7.0,35.0,3.0,10.0,4.0,7.0,3.0,34.0,7.0,62.0,10.0,9.0,2.0,1.0,3.0,4.0,,,,,,,,,,,,,,,,,,,,,,,,,,,,,
05/08/2013,38.0,10.0,16.0,3.0,20.0,0.0,5.0,1.0,5.0,5.0,1.0,5.0,7.0,9.0,11.0,0.0,0.0,0.0,4.0,3.0,,,,,,,,,,,,,,,,,,,,,,,,,,,,,
12/08/2013,13.0,0.0,0.0,2.0,3.0,41.0,0.0,0.0,10.0,9.0,2.0,0.0,0.0,8.0,4.0,0.0,0.0,0.0,3.0,2.0,,,,,,,,,,,,,,,,,,,,,,,,,,,,,
19/08/2013,22.0,0.0,3.0,0.0,2.0,16.0,2.0,1.0,1.0,2.0,3.0,0.0,2.0,4.0,0.0,6.0,5.0,0.0,3.0,4.0,,,,,,,,,,,,,,,,,,,,,,,,,,,,,
26/08/2013,33.0,1.0,9.0,3.0,6.0,3.0,0.0,6.0,0.0,2.0,4.0,0.0,1.0,4.0,2.0,2.0,7.0,11.0,7.0,0.0,,,,,,,,,,,,,,,,,,,,,,,,,,,,,
02/09/2013,9.0,1.0,0.0,0.0,8.0,11.0,3.0,3.0,0.0,0.0,2.0,0.0,0.0,2.0,5.0,2.0,1.0,2.0,0.0,1.0,,,,,,,,,,,,,,,,,,,,,,,,,,,,,
09/09/2013,14.0,1.0,1.0,1.0,13.0,0.0,0.0,20.0,8.0,0.0,2.0,0.0,1.0,0.0,0.0,0.0,1.0,1.0,0.0,0.0,,,,,,,,,,,,,,,,,,,,,,,,,,,,,
16/09/2013,48.0,0.0,3.0,1.0,3.0,1.0,1.0,1.0,2.0,4.0,1.0,4.0,2.0,4.0,4.0,0.0,0.0,0.0,1.0,0.0,,,,,,,,,,,,,,,,,,,,,,,,,,,,,
23/09/2013,7.0,3.0,5.0,1.0,3.0,2.0,11.0,8.0,2.0,2.0,8.0,1.0,1.0,6.0,3.0,4.0,0.0,2.0,2.0,0.0,,,,,,,,,,,,,,,,,,,,,,,,,,,,,
30/09/2013,,2.0,9.0,8.0,9.0,1.0,1.0,18.0,1.0,2.0,2.0,0.0,2.0,9.0,0.0,11.0,2.0,2.0,3.0,1.0,,,,,,,,,,,,,,,,,,,,,,,,,,,,,
07/10/2013,6.0,22.0,0.0,0.0,4.0,9.0,12.0,13.0,12.0,1.0,31.0,0.0,0.0,20.0,17.0,0.0,1.0,5.0,5.0,0.0,,,,,,,,,,,,,,,,,,,,,,,,,,,,,
14/10/2013,21.0,15.0,1.0,1.0,17.0,9.0,3.0,8.0,2.0,11.0,6.0,1.0,5.0,18.0,14.0,15.0,1.0,3.0,11.0,2.0,,,,,,,,,,,,,,,,,,,,,,,,,,,,,
21/10/2013,30.0,26.0,10.0,7.0,31.0,19.0,25.0,26.0,20.0,20.0,46.0,0.0,4.0,15.0,11.0,20.0,5.0,23.0,6.0,2.0,,,,,,,,,,,,,,,,,,,,,,,,,,,,,
28/10/2013,21.0,9.0,1.0,11.0,13.0,28.0,8.0,10.0,33.0,35.0,18.0,6.0,1.0,12.0,46.0,30.0,1.0,0.0,18.0,5.0,,,,,,,,,,,,,,,,,,,,,,,,,,,,,
04/11/2013,79.0,18.0,8.0,4.0,16.0,15.0,14.0,82.0,19.0,66.0,39.0,0.0,5.0,38.0,38.0,8.0,4.0,5.0,27.0,1.0,,,,,,,,,,,,,,,,,,,,,,,,,,,,,
11/11/2013,64.0,5.0,14.0,11.0,71.0,22.0,48.0,40.0,32.0,49.0,38.0,2.0,2.0,25.0,19.0,7.0,2.0,22.0,11.0,6.0,,,,,,,,,,,,,,,,,,,,,,,,,,,,,
18/11/2013,55.0,24.0,8.0,8.0,37.0,2.0,13.0,21.0,32.0,20.0,26.0,1.0,4.0,43.0,15.0,12.0,0.0,2.0,20.0,13.0,,,,,,,,,,,,,,,,,,,,,,,,,,,,,
25/11/2013,18.0,14.0,3.0,19.0,80.0,10.0,32.0,53.0,39.0,18.0,39.0,1.0,10.0,52.0,8.0,46.0,0.0,20.0,28.0,2.0,,,,,,,,,,,,,,,,,,,,,,,,,,,,,
02/12/2013,101.0,20.0,14.0,10.0,44.0,20.0,7.0,39.0,26.0,64.0,22.0,3.0,14.0,35.0,63.0,14.0,4.0,15.0,25.0,3.0,,,,,,,,,,,,,,,,,,,,,,,,,,,,,
09/12/2013,63.0,30.0,30.0,11.0,81.0,16.0,38.0,40.0,37.0,21.0,12.0,11.0,6.0,29.0,5.0,18.0,0.0,44.0,11.0,2.0,,,,,,,,,,,,,,,,,,,,,,,,,,,,,
16/12/2013,59.0,44.0,35.0,23.0,84.0,59.0,37.0,42.0,19.0,82.0,4.0,2.0,22.0,54.0,17.0,19.0,1.0,19.0,39.0,4.0,,,,,,,,,,,,,,,,,,,,,,,,,,,,,
23/12/2013,6.0,3.0,0.0,0.0,3.0,0.0,1.0,0.0,3.0,1.0,0.0,0.0,0.0,10.0,0.0,3.0,4.0,0.0,2.0,2.0,,,,,,,,,,,,,,,,,,,,,,,,,,,,,
30/12/2013,26.0,27.0,1.0,1.0,49.0,0.0,37.0,43.0,29.0,18.0,18.0,2.0,13.0,30.0,21.0,26.0,0.0,20.0,23.0,5.0,,,,,,,,,,,,,,,,,,,,,,,,,,,,,
06/01/2014,150.0,49.0,4.0,4.0,205.0,48.0,47.0,81.0,112.0,22.0,27.0,10.0,21.0,80.0,93.0,3.0,0.0,28.0,63.0,15.0,,,,,,,,,,,,,,,,,,,,,,,,,,,,,
13/01/2014,80.0,50.0,41.0,4.0,73.0,69.0,61.0,59.0,54.0,84.0,19.0,7.0,18.0,140.0,18.0,9.0,2.0,31.0,32.0,13.0,,,,,,,,,,,,,,,,,,,,,,,,,,,,,
20/01/2014,82.0,19.0,72.0,13.0,40.0,12.0,44.0,14.0,34.0,40.0,4.0,10.0,14.0,43.0,25.0,3.0,0.0,21.0,36.0,20.0,,,,,,,,,,,,,,,,,,,,,,,,,,,,,
27/01/2014,58.0,24.0,41.0,24.0,76.0,67.0,24.0,34.0,40.0,27.0,17.0,21.0,10.0,108.0,46.0,83.0,66.0,22.0,43.0,17.0,,,,,,,,,,,,,,,,,,,,,,,,,,,,,
03/02/2014,84.0,43.0,14.0,14.0,66.0,47.0,28.0,9.0,7.0,23.0,16.0,4.0,13.0,35.0,14.0,2.0,17.0,13.0,28.0,6.0,,,,,,,,,,,,,,,,,,,,,,,,,,,,,
10/02/2014,,31.0,1.0,26.0,76.0,77.0,18.0,66.0,38.0,30.0,14.0,17.0,27.0,68.0,20.0,34.0,3.0,24.0,38.0,14.0,,,,,,,,,,,,,,,,,,,,,,,,,,,,,
17/02/2014,60.0,29.0,72.0,21.0,114.0,73.0,71.0,56.0,26.0,50.0,30.0,22.0,30.0,77.0,11.0,16.0,2.0,18.0,47.0,89.0,,,,,,,,,,,,,,,,,,,,,,,,,,,,,
24/02/2014,116.0,40.0,36.0,30.0,104.0,56.0,23.0,52.0,55.0,14.0,9.0,13.0,26.0,106.0,45.0,25.0,23.0,32.0,38.0,33.0,,,,,,,,,,,,,,,,,,,,,,,,,,,,,
03/03/2014,99.0,53.0,51.0,41.0,103.0,61.0,78.0,52.0,39.0,6.0,23.0,0.0,28.0,77.0,22.0,1.0,25.0,21.0,31.0,2.0,,,,,,,,,,,,,,,,,,,,,,,,,,,,,
10/03/2014,112.0,48.0,77.0,20.0,121.0,1.0,25.0,55.0,59.0,53.0,32.0,21.0,32.0,76.0,25.0,29.0,8.0,11.0,50.0,13.0,,,,,,,,,,,,,,,,,,,,,,,,,,,,,
17/03/2014,197.0,49.0,21.0,50.0,134.0,112.0,34.0,85.0,64.0,32.0,29.0,8.0,39.0,107.0,29.0,44.0,11.0,28.0,70.0,22.0,,,,,,,,,,,,,,,,,,,,,,,,,,,,,
24/03/2014,116.0,60.0,34.0,58.0,185.0,54.0,54.0,50.0,97.0,31.0,52.0,14.0,26.0,100.0,22.0,42.0,12.0,30.0,47.0,32.0,,,,,,,,,,,,,,,,,,,,,,,,,,,,,
31/03/2014,215.0,51.0,68.0,54.0,72.0,144.0,46.0,35.0,48.0,66.0,39.0,11.0,40.0,36.0,4.0,34.0,9.0,9.0,40.0,51.0,,,,,,,,,,,,,,,,,,,,,,,,,,,,,
07/04/2014,82.0,21.0,157.0,26.0,109.0,61.0,41.0,62.0,87.0,43.0,66.0,5.0,46.0,80.0,14.0,54.0,12.0,54.0,54.0,20.0,,,,,,,,,,,,,,,,,,,,,,,,,,,,,
14/04/2014,155.0,31.0,38.0,56.0,107.0,57.0,47.0,15.0,92.0,32.0,69.0,7.0,44.0,60.0,3.0,25.0,18.0,27.0,40.0,98.0,,,,,,,,,,,,,,,,,,,,,,,,,,,,,
21/04/2014,80.0,21.0,25.0,6.0,22.0,21.0,1.0,23.0,9.0,18.0,18.0,1.0,26.0,38.0,21.0,13.0,16.0,12.0,10.0,3.0,,,,,,,,,,,,,,,,,,,,,,,,,,,,,
28/04/2014,13.0,10.0,5.0,0.0,0.0,3.0,0.0,7.0,0.0,4.0,11.0,5.0,0.0,15.0,0.0,8.0,0.0,5.0,2.0,0.0,,,,,,,,,,,,,,,,,,,,,,,,,,,,,
05/05/2014,70.0,67.0,40.0,59.0,76.0,44.0,88.0,34.0,93.0,31.0,118.0,17.0,13.0,42.0,48.0,9.0,19.0,92.0,89.0,91.0,,,,,,,,,,,,,,,,,,,,,,,,,,,,,
12/05/2014,391.0,35.0,274.0,62.0,109.0,20.0,42.0,87.0,165.0,77.0,136.0,37.0,84.0,125.0,1.0,56.0,56.0,37.0,34.0,13.0,,,,,,,,,,,,,,,,,,,,,,,,,,,,,
19/05/2014,178.0,23.0,48.0,9.0,133.0,30.0,22.0,14.0,176.0,96.0,109.0,50.0,23.0,85.0,3.0,46.0,8.0,21.0,19.0,8.0,,,,,,,,,,,,,,,,,,,,,,,,,,,,,
26/05/2014,124.0,35.0,80.0,74.0,79.0,14.0,74.0,41.0,57.0,100.0,105.0,4.0,2.0,63.0,4.0,63.0,37.0,22.0,38.0,50.0,,,,,,,,,,,,,,,,,,,,,,,,,,,,,
02/06/2014,235.0,17.0,85.0,27.0,158.0,72.0,20.0,33.0,36.0,38.0,86.0,27.0,16.0,85.0,6.0,11.0,19.0,22.0,13.0,38.0,,,,,,,,,,,,,,,,,,,,,,,,,,,,,
09/06/2014,88.0,4.0,0.0,8.0,17.0,29.0,7.0,37.0,30.0,70.0,14.0,18.0,8.0,102.0,3.0,27.0,3.0,20.0,2.0,31.0,,,,,,,,,,,,,,,,,,,,,,,,,,,,,
16/06/2014,187.0,27.0,177.0,11.0,63.0,35.0,60.0,21.0,43.0,76.0,132.0,26.0,8.0,133.0,5.0,9.0,6.0,12.0,2.0,24.0,,,,,,,,,,,,,,,,,,,,,,,,,,,,,
23/06/2014,140.0,20.0,84.0,8.0,106.0,4.0,14.0,9.0,40.0,48.0,44.0,27.0,8.0,84.0,8.0,33.0,3.0,13.0,9.0,24.0,,,,,,,,,,,,,,,,,,,,,,,,,,,,,
30/06/2014,111.0,19.0,25.0,4.0,7.0,31.0,15.0,28.0,12.0,11.0,46.0,2.0,8.0,61.0,1.0,11.0,20.0,10.0,6.0,0.0,,,,,,,,,,,,,,,,,,,,,,,,,,,,,
07/07/2014,72.0,27.0,17.0,5.0,81.0,8.0,16.0,7.0,15.0,40.0,33.0,15.0,1.0,76.0,10.0,13.0,31.0,6.0,8.0,34.0,,,,,,,,,,,,,,,,,,,,,,,,,,,,,
14/07/2014,75.0,4.0,25.0,3.0,14.0,17.0,11.0,5.0,27.0,33.0,7.0,19.0,6.0,107.0,6.0,15.0,9.0,32.0,4.0,16.0,,,,,,,,,,,,,,,,,,,,,,,,,,,,,
21/07/2014,44.0,7.0,10.0,2.0,18.0,2.0,1.0,7.0,9.0,12.0,51.0,14.0,4.0,69.0,23.0,4.0,14.0,49.0,1.0,6.0,,,,,,,,,,,,,,,,,,,,,,,,,,,,,
28/07/2014,40.0,0.0,12.0,7.0,22.0,93.0,3.0,6.0,2.0,8.0,27.0,7.0,0.0,23.0,2.0,13.0,0.0,13.0,4.0,1.0,,,,,,,,,,,,,,,,,,,,,,,,,,,,,
04/08/2014,,5.0,8.0,0.0,7.0,57.0,4.0,4.0,17.0,1.0,15.0,11.0,1.0,35.0,2.0,12.0,11.0,1.0,1.0,0.0,,,,,,,,,,,,,,,,,,,,,,,,,,,,,
11/08/2014,10.0,2.0,2.0,4.0,3.0,25.0,3.0,5.0,9.0,12.0,7.0,5.0,1.0,15.0,0.0,1.0,0.0,4.0,3.0,9.0,,,,,,,,,,,,,,,,,,,,,,,,,,,,,
18/08/2014,,4.0,1.0,1.0,0.0,34.0,6.0,3.0,2.0,1.0,10.0,0.0,2.0,10.0,1.0,1.0,0.0,0.0,8.0,3.0,,,,,,,,,,,,,,,,,,,,,,,,,,,,,
25/08/2014,7.0,3.0,1.0,7.0,1.0,0.0,1.0,5.0,4.0,0.0,1.0,0.0,0.0,9.0,1.0,2.0,0.0,2.0,4.0,2.0,,,,,,,,,,,,,,,,,,,,,,,,,,,,,
01/09/2014,,0.0,0.0,0.0,1.0,1.0,3.0,0.0,1.0,2.0,12.0,0.0,1.0,2.0,2.0,0.0,8.0,2.0,2.0,1.0,,,,,,,,,,,,,,,,,,,,,,,,,,,,,
08/09/2014,10.0,2.0,0.0,0.0,3.0,0.0,3.0,1.0,1.0,0.0,2.0,0.0,2.0,1.0,0.0,5.0,0.0,1.0,5.0,0.0,,,,,,,,,,,,,,,,,,,,,,,,,,,,,
15/09/2014,11.0,4.0,0.0,1.0,1.0,0.0,2.0,3.0,4.0,3.0,7.0,6.0,0.0,27.0,5.0,0.0,1.0,0.0,8.0,0.0,,,,,,,,,,,,,,,,,,,,,,,,,,,,,
22/09/2014,16.0,4.0,1.0,1.0,2.0,7.0,3.0,5.0,3.0,0.0,6.0,3.0,0.0,8.0,1.0,1.0,0.0,4.0,7.0,1.0,,,,,,,,,,,,,,,,,,,,,,,,,,,,,
29/09/2014,20.0,4.0,2.0,0.0,3.0,3.0,7.0,3.0,4.0,1.0,9.0,1.0,2.0,26.0,8.0,6.0,2.0,1.0,18.0,0.0,,,,,,,,,,,,,,,,,,,,,,,,,,,,,
06/10/2014,17.0,10.0,0.0,1.0,3.0,1.0,18.0,1.0,1.0,0.0,26.0,11.0,0.0,43.0,5.0,2.0,4.0,3.0,27.0,4.0,,,,,,,,,,,,,,,,,,,,,,,,,,,,,
13/10/2014,21.0,1.0,0.0,1.0,4.0,0.0,20.0,17.0,3.0,0.0,17.0,0.0,0.0,26.0,10.0,3.0,0.0,0.0,3.0,0.0,,,,,,,,,,,,,,,,,,,,,,,,,,,,,
20/10/2014,34.0,12.0,3.0,26.0,9.0,1.0,22.0,3.0,1.0,3.0,16.0,4.0,3.0,39.0,33.0,14.0,0.0,0.0,40.0,7.0,,,,,,,,,,,,,,,,,,,,,,,,,,,,,
27/10/2014,28.0,7.0,1.0,2.0,13.0,2.0,13.0,11.0,3.0,1.0,11.0,3.0,6.0,32.0,16.0,7.0,21.0,0.0,34.0,10.0,,,,,,,,,,,,,,,,,,,,,,,,,,,,,
03/11/2014,44.0,4.0,7.0,0.0,16.0,0.0,18.0,11.0,11.0,1.0,11.0,1.0,5.0,46.0,28.0,28.0,4.0,0.0,30.0,7.0,,,,,,,,,,,,,,,,,,,,,,,,,,,,,
10/11/2014,33.0,5.0,10.0,0.0,29.0,3.0,20.0,7.0,3.0,1.0,14.0,10.0,6.0,87.0,5.0,15.0,4.0,31.0,21.0,1.0,,,,,,,,,,,,,,,,,,,,,,,,,,,,,
17/11/2014,85.0,15.0,26.0,7.0,14.0,3.0,28.0,13.0,9.0,3.0,14.0,8.0,25.0,33.0,28.0,7.0,25.0,23.0,24.0,4.0,,,,,,,,,,,,,,,,,,,,,,,,,,,,,
24/11/2014,16.0,15.0,14.0,2.0,3.0,0.0,9.0,23.0,6.0,0.0,24.0,2.0,9.0,25.0,16.0,0.0,9.0,3.0,25.0,0.0,,,,,,,,,,,,,,,,,,,,,,,,,,,,,
01/12/2014,95.0,12.0,41.0,6.0,39.0,0.0,16.0,15.0,14.0,10.0,56.0,7.0,13.0,122.0,4.0,23.0,4.0,11.0,110.0,10.0,,,,,,,,,,,,,,,,,,,,,,,,,,,,,
08/12/2014,43.0,39.0,31.0,10.0,34.0,3.0,2.0,30.0,25.0,19.0,34.0,20.0,18.0,70.0,36.0,5.0,23.0,22.0,63.0,9.0,,,,,,,,,,,,,,,,,,,,,,,,,,,,,
15/12/2014,35.0,7.0,15.0,0.0,0.0,0.0,7.0,7.0,4.0,2.0,30.0,36.0,4.0,72.0,5.0,21.0,14.0,0.0,17.0,10.0,,,,,,,,,,,,,,,,,,,,,,,,,,,,,
22/12/2014,30.0,23.0,8.0,0.0,11.0,4.0,1.0,9.0,10.0,17.0,27.0,17.0,21.0,12.0,5.0,17.0,1.0,1.0,83.0,2.0,,,,,,,,,,,,,,,,,,,,,,,,,,,,,
29/12/2014,259.0,42.0,49.0,32.0,38.0,15.0,11.0,98.0,61.0,38.0,112.0,61.0,53.0,256.0,45.0,39.0,27.0,11.0,103.0,25.0,,,,,,,,,,,,,,,,,,,,,,,,,,,,,
,,,,,,,,,,,,,,,,,,,,,,,,,,,,,,,,,,,,,,,,,,,,,,,,,
